,Word /ARPABet/Devanagiri(American),Devnagri (Indian if different),Meaning (hindi),Explanation (hindi),
१,you:Y UW1 => यू,Same ,तुम ,अपने से बड़ों के लिए आप और छोटे के लिए तुम के लिए ,
२,I: AY1 => आय,आइ,मैं ,अपने  लिए ,
3,to: T UW1 => टू,Same ,"प्रति,से,तक,के लिए आदि ","टू का प्रयोग संज्ञा,किया विशेषण,पूर्व सग के रूप में किया जाता है ",
4,the: DH AH0 => दै,द,"यह,यही,वह,वही",,
5,,,,,
6,and: AH0 N D => ऐन्ड,Same ,और,"ऐंड का प्रयोग और,एवं इत्यादि के लिए किया जाता है ",
7,that: DH AE1 T => दैट,Same ,वह ,"यह कि,ताकि.वह,जो,उस,उसको इत्यादि के रूप में प्रयोग किया जाता है ",
8,it: IH1 T => इट,Same ,"यह ,यही",इट का प्रयोग सव नाम के रूप में कई विकल्प होने पर किसी एक को इंगित करने के लिए होता है ,
९,of: AH1 V => आव,आफ्,का ,आफ का प्रयोग किसी वस्तु या इंसान का किसी से संबंध इंगित करने ,
१०,me: M IY1 => मी,Same ,मैं ,मैं का प्रयोग अपने लिए किया जाता है ,
११,what: W AH1 T => वाट,व्ह्आट व्हाट,क्या ,वहाट? का प्रयोग प्रश्न वाचक क्या के रूप में किया जाता है ,
        १२,is: IH1 Z => इस,Same ,है ,है का प्रयोग वाक्य के अंत में या प्रश्न करने के लिये किया जाता है ,
  १३,in: IH0 N => इन,Same ,अन्दर ,,
१४,this: DH IH1 S => दिस,Same ,यह ,,
15,know: N OW1 => नो,Same ,जानकारी ,,
16,I'm: AY1 M => आय्म,आइ ऐम,मैं हूँ ,,
17,for: F AO1 R => फॉर,Same ,संबंध में ,,
१८,no: N OW1 => नो,Same ,नहीं ,इनकार,
19,have: HH AE1 V => हैव,Same ,"पास(नज़दीक) होना, रखना, सहन करना, ",,
20,my: M AY1 => माय,माई,मेरा ,,
,don't: D OW1 N T => डोन्ट,Same ,नहीं ,,
,just: JH AH1 S T => जास्ट,जस्ट,अभी -अभी ,,
,do: D UW1 => डू,Same ,करना ,,
,be: B IY1 => बी,Same ,होना ,,
,on: AA1 N => ऑन,Same ,पर,,
,your: Y AO1 R => यॉर,येार,तुम्हारा ,,
,was: W AA1 Z => वॉस,वाज़ ,था ,,
,we: W IY1 => वी,वी,हम ,,
,it's: IH1 T S => इट्स,Same ,इसका ,इट्स का प्रयोग निर्जीव वस्तुओं के लिए किया जाता है ,
,with: W IH1 DH => विद,विद,साथ ,,
,so: S OW1 => सो,Same ,इसलिये ,,
,but: B AH1 T => बाट,बट,लेकिन ,,
,all: AO1 L => ऑल,Same ,सब,,
,well: W EH1 L => वेल,Same ,अच्छी तरह से ,,
,are: AA1 R => ऑर,Same ,हैं ,,
,he: HH IY1 => ही,Same ,वह (पुलिंग के लिए ,,
,oh: OW1 => ओ,ओह,"दुख,कष्ट आदि ",,
,about: AH0 B AW1 T => ऐबाव्ट,एबाउट,किसी के बारे में या किसी के सम्बन्ध में ,,
,right: R AY1 T => राय्ट,राइट,"अधिकार,दाहिने,सही ",,
,you're: Y UH1 R => यूर,यु आर,"आप,तुम ",,
,get: G EH1 T => गेट,Same ,"जाना ,पाना , होना आदि ",,
,here: HH IY1 R => हीर,हियर ,"यहाँ ,इधर ,इस सस्थान पर ",,
,out: AW1 T => आव्ट,आव्ट या आउट,बाहर ,,
,going: G OW1 IH0 NG => गोइंग,Same ,"होने वालाा , जाना , गमन ,प्रस्थान ",,
,like: L AY1 K => लाय्क,लाइक,"पसन्द करना , जैसा ,के समान, सदृश ",,
,yeah: Y AE1 => यै,Same ,हाँ ,,
,if: IH1 F => इफ,Same ,"यदि , अगर ",,
,her: HH ER0 => हर,Same ,उसका (स्त्री लिंग),,
,she: SH IY1 => शी,Same ,वह ( स्त्री लिंग  के लिए) ,,
,can: K AE1 N => कैन,Same ,"समर्थ होना , सकना ",,
,up: AH1 P => आप,अप,उपसर्ग के रूप में प्रयोग होने पर अलग-अलग अर्थ होता है ,,
,want: W AA1 N T => वॉन्ट,Same ,चाहते हैं ,,
,think: TH IH1 NG K => थिंग्क,Same ,"सोचना ,समझना ,विचार करना ",,
,that's: DH AE1 T S => दैट्स,Same ,वह है ,,
,now: N AW1 => नाव,Same ,"अभी , अब ,इस समय ",,
,go: G OW1 => गो,Same ,"जाना  , चलना ,होना ",,
,him: HH IH1 M => हिम,Same ,"उसे ,उस को ,इसे ",,
,at: AE1 T => ऐट,Same ,"पर ,में ,से ",,
,how: HH AW1 => हाव,Same ,"कैसे ,किस प्रकार, कितना ",,
,got: G AA1 T => गॉट,Same ,"प्राप्त ,पाना",,
,there: DH EH1 R => देर,Same ,"वहाँ ,उधर ",,
,one: W AH1 N => वान,Same ,एक ,,
,did: D IH1 D => डिड,Same ,किया ,कुछ करने पर प्रयोग किया जाता है ,
,why: W AY1 => वाय,वाय्इ,क्यों ,,
,see: S IY1 => सी,Same ,देखना ,,
,come: K AH1 M => काम,कम,"आना , ",,
,good: G UH1 D => गूड,Same ,"अच्छा ,ठीक ,भला ",,
,they: DH EY1 => देऽ,Same ,"वे ,ये ",,
,really: R IH1 L IY0 => रिली,रियली,वास्तव में ,,
,as: AE1 Z => ऐस,Same ,जैसा ,,
,would: W UH1 D => वूड,Same ,चाहेंगे ,,
,look: L UH1 K => लूक,Same ,"देखना , रूप, आकृति, तकना",,
,when: W EH1 N => वेन,व्हेन,"कब, जब ",,
,time: T AY1 M => टाय्म,टाईम ,समय ,,
,will: W IH1 L => विल,Same ,"मेर्जी , एवं गा-गे-गी के लिए भी प्रयोग किया जाता है ",,
,,,,,
,back: B AE1 K => बैक,Same ,"पीछे की ओर, वापस ",,
,can't: K AE1 N T => कैन्ट,Same ,नहीं कर सकते ,,
,mean: M IY1 N => मीन,Same ,"तात्पर्य , औसत, माध्य",,
,tell: T EH1 L => टेल,Same ,"बताना ,बोलना ,बयान करना ",,
,I'll: AY1 L => आय्ल,Same ,बीमार,,
,from: F R AH1 M => फ्राम,Same ,"से ,व्दारा ,कारण से ",,
,hey: HH EY1 => हेऽ,Same ,"अरे ,आहा ,है ",,
,were: W ER1 => वर,वेयर,थे ,,
,he's: HH IY1 Z => हीस,हीज़,वह है ,,
,could: K UH1 D => कूड,कूड,सकता है ,,
,didn't: D IH1 D AH0 N T => डिडैन्ट,Same ,नहीं किया ,,
,yes: Y EH1 S => येस,Same ,हाँ ,,
,his: HH IH1 Z => हिस,Same ,"उसके ,उसकी, उसका ",,
,been: B IH1 N => बिन,बीन,"बग़ैर, बिना ",,
,or: AO1 R => ऑर,Same ,या,,
,something: S AH1 M TH IH0 NG => साम्थिंग,Same ,"कुछ, कोई बात ,कोई चीज़ ",,
,who: HH UW1 => हू,Same ,कौन ,,
,because: B IH0 K AO1 Z => बिकॉस,Same ,"चूँकि ,क्योंकि , इसलिए ",,
,some: S AH1 M => साम,Same ,"कुछ,  कुछ लोग ",,
,had: HH AE1 D => हैड,Same ,थे ,,
,then: DH EH1 N => देन,Same ,"तो ,तब ,उस समय ",,
,say: S EY1 => सेऽ,Same ,कहना ,,
,ok: OW1 K EY1 => ओकेऽ,Same ,ठीक है ,,
,take: T EY1 K => टेऽक,Same ,"लेना ,ले लेना ",,
,an: AE1 N => ऐन,Same ,एक को इंगित करता है ,ऐन का प्रयोग vowel से प्रारंभ होने वाले एक वचन शब्द के पूर्व होता है ,
,way: W EY1 => वेऽ,Same ,रास्ता ,,
,us: AH1 S => आस,आस।अस,हम ,,
,little: L IH1 T AH0 L => लिटैल,Same ,छोटा ,,
,make: M EY1 K => मेऽक,Same ,बनाना ,,
,need: N IY1 D => नीड,Same ,"ज़रूरत, आवश्यकता ",,
,gonna: G AA1 N AH0 => गॉनै,Same ,"होने वाला , करने वाला ",,
,never: N EH1 V ER0 => नेव्र,नेवर ,"कभी नहीं ,कदापि नहीं ",,
,we're: W IY1 R => वीर,वेयर,थे ,,
,too: T UW1 => टू,Same ,"बहुत,अतअत्यधिक ",,
,love: L AH1 V => लाव,Same ,"प्यार,प्रीति ,प्रेम ",,
,she's: SH IY1 Z => शीस,Same ,वह है  है ,स्त्री लिंग के लिए प्रयोग किया जाता है ,
,I've: AY1 V => आय्व,आइ्हैव,मेरे पास है ,,
,sure: SH UH1 R => शूर,स्योर,"ज़रूरत, आवश्यकता ",,
,them: DH EH1 M => देम,Same ,उनको ,,
,more: M AO1 R => मॉर,Same ,"अधिक , ज्यादा",,
,over: OW1 V ER0 => ओव्र,Same ,"समाप्त ,ऊपर  ",,
,our: AW1 ER0 => आव्र,Same ,हम ,,
,sorry: S AA1 R IY0 => सॉरी,Same ,"माफ करना ,शोकाकुल,उदास ",,
,where: W EH1 R => वेर,ह्वेयर,"कहॅा , किस जगह ,जहां ",,
,what's: W AH1 T S => वाट्स,Same ,क्या है ,,
,let: L EH1 T => लेट,Same ,करने दो ,"सामान्य रूप से किसी अन्य के साथ प्रयोग किया जाता है जैसे let us,me etc",
,thing: TH IH1 NG => थिंग,Same ,"चीज़ ,बात ,काम ",,
,am: AE1 M => ऐम,Same ,हूँ ,,
,maybe: M EY1 B IY0 => मेऽबी,Same ,"शायद ,हो सकता है , संभव हैै ,मुमकिन है ",,
,down: D AW1 N => डाव्न,Same ,"नीचे , तले ,नीचे की ओर ",,
,man: M AE1 N => मैन,Same ,आदमी ,,
,has: HH AE1 Z => हैस,Same ,है ,एक वचन संज्ञा के पास होना ,
,uh: AH1 => आ,Same ,"यह, वह, ","it, he, this",
,very: V EH1 R IY0 => वेरी,Same ,"बहुत, अति",,
,by: B AY1 => बाय,Same ,"द्वारा ,से ,तक",,
,there's: DH EH1 R Z => देर्स,Same ,वहाँ है ,s,
,should: SH UH1 D => शूड,शूड ।शुड,चाहिए ,,
,anything: EH1 N IY0 TH IH2 NG => एनीथिंग,Same ,"कुछ भी , प्रत्येक वस्तु ",,
,said: S EH1 D => सेड,Same ,"पहले कहा हुआ ,कहा ",,
,much: M AH1 CH => माच,Same ,"बहुत , अत्त्यंत ",,
,any: EH1 N IY0 => एनी,Same ,कोई एक ,,
,life: L AY1 F => लाय्फ,Same ,"ज़िंदगी ,जीवन काल ,प्राण",,
,even: IY1 V IH0 N => ईविन,Same ,"यहाँ तक कि ,और भी, समान रूप से ",,
,off: AO1 F => ऑफ,Same ,"बंद , दूर ",,
,please: P L IY1 Z => प्लीस,Same ,"कृपया , निवेदन करना ",,
,doing: D UW1 IH0 NG => डूइंग,Same ,करते हुए ,,
,thank: TH AE1 NG K => थैंग्क,Same ,"धन्यवाद ,शुक्रिया, कृतज्ञता ",,
,give: G IH1 V => गिव,Same ,देना ,,
,only: OW1 N L IY0 => ओन्ली,Same ,"केवल ,अकेला ,एकमात्र ",,
,thought: TH AO1 T => थॉट,Same ,"सोचना , विचार, योजना ",,
,help: HH EH1 L P => हेल्प,Same ,"सहायता करना , मदद करना ",,
,two: T UW1 => टू,Same ,दो(२),,
,talk: T AO1 K => टॉक,Same ,"बात करना ,व्याख्यान  ",,
,people: P IY1 P AH0 L => पीपैल,Same ,"लोग ,जनताा ,प्रजा",,
,god: G AA1 D => गॉड,Same ,"भगवान ,ईश्वर ",,
,still: S T IH1 L => स्टिल,Same ,"फिर भी ,शान्त ,स्थिर",,
,wait: W EY1 T => वेऽट,Same ,"रुको ,इंतज़ार ,प्रतीक्षा ",,
,into: IH0 N T UW1 => इन्टू,Same ," के अंदर ,में ,भीतर ",,
,find: F AY1 N D => फाय्न्ड,Same ,"पाना ,खोज,प्राप्त वस्तु ",,
,nothing: N AH1 TH IH0 NG => नाथिंग,Same ,"कुछ नहीं ,अभाव",,
,again: AH0 G EH1 N => ऐगेन,Same ,"फिर से , पुनः ",,
,things: TH IH1 NG Z => थिंग्स,Same ,"चीज़ें ,सामान , हालात ",,
,let's: L EH1 T S => लेट्स,Same ,छोडना,,
,doesn't: D AH1 Z AH0 N T => डासैन्ट,डासैन्ट। डज़ नाट,नहीं है ,,
,call: K AO1 L => कॉल,Same ,"पुकरना ,मुलाकात ,टेलीफोन से बात करना ",,
,told: T OW1 L D => टोल्ड,Same ,कहा,,
,great: G R EY1 T => ग्रेऽट,Same ,"महान ,बृहद ",,
,before: B IH0 F AO1 R => बिफॉर,Same ,"से पहले , के सामने ,के समक्ष",,
,better: B EH1 T ER0 => बेट्र,Same ,"बेहतर ,पहले से अच्छा",तुलनात्मक रूप में प्रयोग किया जाता है ,
,ever: EH1 V ER0 => एव्र,एव्र ।एवर,"कभी ,सदा ,सर्वदा",,
,night: N AY1 T => नाय्ट,Same ,"रात ,रात्रि",,
,than: DH AE1 N => दैन,Same ,"से , की अपेक्षा, के बजाय",,
,away: AH0 W EY1 => ऐवेऽ,Same ,दूर,,
,first: F ER1 S T => फ्र्स्ट,Same ,"सबसे पहले ,प्रथम",,
,believe: B IH0 L IY1 V => बिलीव,Same ,"विश्वास करना ,मानना ,भरोसा रखना ",,
,other: AH1 DH ER0 => आदर,Same ,"अन्य ,और ,दूसरा",,
,feel: F IY1 L => फील,Same ,"महासूस करना ,अनुभव करना",,
,everything: EH1 V R IY0 TH IH2 NG => एव्रीथिंग,Same ,"सब चीज ,सब कुछ ,समस्त",,
,work: W ER1 K => वर्क,Same,"काम करना , कार्य",,
,you've: Y UW1 V => यूव,यूव ।यू हैव,आपने,,
,fine: F AY1 N => फाय्न,Same ,"बढिया ,उत्कृष्ट ,महीन ,अर्थदन्ड",,
,home: HH OW1 M => होम,Same ,"घर , मकान ,निवास",,
,after: AE1 F T ER0 => ऐफ्ट्र,"आफ्टर, ","बाद में , पीछे ",,
,last: L AE1 S T => लैस्ट,लास्ट,"अंतिम ,पिछलाा ,गत",,
,these: DH IY1 Z => दीस,Same ,"ये ,इन्हें ",,
,day: D EY1 => डेऽ,Same ,"दिन ,दिवस ,तिथि ",,
,keep: K IY1 P => कीप,Same ,"रखना ,बनाए रखना ",,
,does: D AH1 Z => डास,Same ,करना,,
,put: P UH1 T => पूट,Same ,"रखना  ,लगाना",,
,around: ER0 AW1 N D => राव्न्ड,एराउन्ड,"चारों ओर ,आस-पास ,इर्द-गिर्द ",,
,stop: S T AA1 P => स्टॉप,Same ,"रुकना ,विराम ,रोकना",,
,they're: DH EH1 R => देर,दे आर,वे हैं ,दे आर को संक्षेप में लिखना,
,I'd: AY1 D => आय्ड,Same ,"मैं हूँ ,मेरे पास है ",,
,guy: G AY1 => गाय,Same ,लोग ,,
,long: L AO1 NG => लॉंग,Same ,"लंबा ,फैला हुआ, दीर्घ ",,
,isn't: IH1 Z AH0 N T => इसैन्ट,Same ,नहीं है ,,
,always: AO1 L W EY2 Z => ऑल्वेऽस,Same ,"हमेशा ,सदैव, सर्वदा ",,
,listen: L IH1 S AH0 N => लिसैन,Same ,"सुनना , ध्यान देना ,",,
,wanted: W AA1 N T AH0 D => वॉन्टैड,Same ,"चाहता था ,जरूरत है ,आवश्यकता है ,",,
,Mr.: M IH1 S T ER0 => मिस्ट्र,Same ,"श्री ,श्रीमान,महाशय",,
,guys: G AY1 Z => गाय्स,Same ,लोग,,
,huh: HH AH1 => हा,Same ,हुंकार,,
,those: DH OW1 Z => दोस,दोस ।दोज,"वे  ,उनका",,
,big: B IH1 G => बिग,Same ,"बड़ा ,महान ,महतमहत्त्वपूर्ण ",,
,lot: L AA1 T => लॉट,Same ,"बहुत , ढेर",,
,happened: HH AE1 P AH0 N D => हैपैन्ड,Same ,"होना ,हो गई",,
,thanks: TH AE1 NG K S => थैंग्क्स,Same ,"धन्यवाद ,शुक्रिया, कृतज्ञता ",,
,won't: W OW1 N T => वोन्ट,Same ,नहीं होना,,
,trying: T R AY1 IH0 NG => ट्रायिंग,Same ,"कोशिश करना ,प्रयास करना",,
,kind: K AY1 N D => काय्न्ड,Same ,"दयालु ,मेहरबान ",,
,wrong: R AO1 NG => रॉंग,Same ,"गलत ,दोष",,
,through: TH R UW1 => थरू,"थरू ,थ्रू","के माध्यम से ,व्दारा ,से",,
,talking: T AO1 K IH0 NG => टॉकिंग,Same ,"बात कर रहे , बातूनी",,
,made: M EY1 D => मेऽड,Same ,"बनाया , निर्मित , कृत",,
,new: N UW1 => नू,नू ।न्यू,"नया ,नई ,नव",,
,being: B IY1 IH0 NG => बीइंग,Same ,"प्राणी ,जीव ,हो रहा ,अस्तित्व",,
,guess: G EH1 S => गेस,Same ,"अनुमान लगाना ,अन्दाज़ लगाना , अटकल लगाना",,
,hi: HH AY1 => हाय,Same ,"नमस्ते ,देखो",,
,care: K EH1 R => केर,केयर,"देख-भाल ,सावधानी ,देख-रेख",,
,bad: B AE1 D => बैड,Same ,"खराब ,बुरा ,अशुभ ,हानिकारक ",,
,mom: M AA1 M => मॉम,Same ,"माँ ,मम्मी",,
,remember: R IH0 M EH1 M B ER0 => रिमेम्ब्र,Same ,"याद रखना ,याद , स्मरण ",,
,getting: G EH1 T IH0 NG => गेटिंग,Same ,"मिल रहा ,प्राप्त करना",,
,we'll: W IY1 L => वील,वी विल,"हम करेंगे ,",,
,together: T AH0 G EH1 DH ER0 => टैगेदर,Same ,"एक साथ ,साथ में ",,
,dad: D AE1 D => डैड,Same ,"पापा,पिता,बाबू",,
,leave: L IY1 V => लीव,Same ,"छोडना ,छुट्टी ,अवकाश  ",,
,mother: M AH1 DH ER0 => मादर,Same ,"माँ ,मम्मी ,जननी",,
,place: P L EY1 S => प्लेऽस,Same ,"ज़गह ,स्थान,स्थल",,
,understand: AH2 N D ER0 S T AE1 N D => ऽन्ड्र्स्टैन्ड,Same ,"समझना , जानना ,मानना",,
,wouldn't: W UH1 D AH0 N T => वूडैन्ट,Same ,नहीं ,"अन्य ,शबशब्दों के साथ मिलकर स्पष्ट",
,actually: AE1 K CH UW2 AH0 L IY0 => ऐक्चुऐली,Same ,"वास्तव में ,ठीक-ठीक , वस्तुतः ",,
,hear: HH IY1 R => हीर,हियर,"सुनो ,सुनना , सुनाई पडना",,
,baby: B EY1 B IY0 => बेऽबी,Same ,"शिशु ,बच्चा ,",,
,nice: N AY1 S => नाय्स,Same ,"अच्झा ,प्यारा  ,सुहावना ",,
,father: F AA1 DH ER0 => फॉदर,Same ,"पापा,पिता,बाबू",,
,else: EH1 L S => एल्स,Same ,"अन्यथा , अन्य ,साथ ही  ",,
,stay: S T EY1 => स्टेऽ,Same ,"बना रहना ,ठहरना",,
,done: D AH1 N => डान,Same ,"पूर्ण , समाप्त ,किया हुआ ",,
,wasn't: W AA1 Z AH0 N T => वॉसैन्ट,Same ,"नहीं था ,नहीं होता ",,
,their: DH EH1 R => देर,दएयर,"उनका ,उनकी ,उनके",,
,course: K AO1 R S => कॉर्स,Same ,"अवधि , कार्यप्रणाली ,जलमार्ग ,श्रृंखला ",,
,might: M AY1 T => माय्ट,माइट,"पराक्रम, शक्ति ,कर सकना",,
,mind: M AY1 N D => माय्न्ड,Same ,"दिमाग़ , मन , बुध्धी ,विचार",,
,every: EH1 V ER0 IY0 => एव्री,Same ,"प्रात्येक ,हर एक ,प्रति",,
,enough: IH0 N AH1 F => इनाफ,Same ,"पर्याप्त ,काफी ,यथेष्ट ",,
,try: T R AY1 => ट्राय,Same ,"प्रयास करना , कोशिश करना , चेष्टा करना",,
,hell: HH EH1 L => हेल,Same ,"नरक , यमलोक",,
,came: K EY1 M => केऽम,Same ,"आना ,पहॅुचना , आया",,
,someone: S AH1 M W AH2 N => साम्वऽन,Same ,"कोई न कोई, कोई व्यक्ति ",,
,you'll: Y UW1 L => यूल,यू विल,"आप करेंगे ,तुम करोगे ",,
,own: OW1 N => ओन,Same ,"अपना , स्वामित्व",,
,family: F AE1 M AH0 L IY0 => फैमैली,Same ,"परिवार , परिजन",,
,whole: HH OW1 L => होल,Same ,"संपूर्ण , पूरा का पूरा ,पूर्ण ",,
,another: AH0 N AH1 DH ER0 => ऐनादर,Same ,"दूसरा ,एक और ,अन्य",,
,house: HH AW1 S => हाव्स,Same ,"घर , मकान ,निवास",,
,Jack: JH AE1 K => जैक,Same ,जैक(सामान उठाने के लिए) ।संज्ञा वाचक,,
,yourself: Y ER0 S EH1 L F => य्र्सेल्फ,योर सेल्फ,"स्वयं ,खुद",,
,idea: AY0 D IY1 AH0 => आय्डीऐ,आडिया,"विचार , योजना ,अवधारणा",,
,ask: AE1 S K => ऐस्क,आस्क,"पूछना , मांगना ,याचना करना",,
,best: B EH1 S T => बेस्ट,Same ,"सर्वोत्तम , श्रेष्ठ ,सबसे अच्छा , सर्वश्रेष्ठ ",,
,must: M AH1 S T => मास्ट,Same ,"जरूर ,जरूरत , द्राक्षारस ,फफंदी",,
,coming: K AH1 M IH0 NG => कामिंग,Same ,"आना ,आगमन ,आगामी",,
,old: OW1 L D => ओल्ड,Same ,"पुराना ,बूढा , प्राचीन ",,
,looking: L UH1 K IH0 NG => लूकिंग,Same ,देखना,,
,woman: W UH1 M AH0 N => वूमैन,Same ,"औरत , स्त्री , महिला",,
,hello: HH AH0 L OW1 => हैलो,Same ,"नमस्ते ,देखो",,
,which: W IH1 CH => विच,Same ,"कौन ,जो , कौन सा",,
,years: Y IH1 R Z => यिर्स,Same ,"वर्षों , कई साल",,
,room: R UW1 M => रूम,Same ,"कमरा ,कक्ष",,
,money: M AH1 N IY0 => मानी,Same / मनी ,"पैसा ,धन ,मु्द्रा",,
,left: L EH1 F T => लेफ्ट,Same ,"बाएं , वाम-पक्ष",,
,knew: N UW1 => नू,s/न्यू,जानता था,,
,tonight: T AH0 N AY1 T => टैनाय्ट,टूनाइट,आज रात,,सर
,real: R IY1 L => रील,Same ,"असली ,वास्तव ,वास्तविक",,
,son: S AH1 N => सान,Same ,"पुत्र ,बेटा",,
,hope: HH OW1 P => होप,Same ,"आशा , भरोसा",,
,name: N EY1 M => नेऽम,Same ,"नाम , उपनाम , शीर्षक ",,
,same: S EY1 M => सेऽम,Same ,"समान ,वही",,
,went: W EH1 N T => वेन्ट,Same ,चला  गया,,
,um: AH1 M => आम,Same ,तुम,,
,hmm: HH M => हम,Same ,हम्म,,
,happy: HH AE1 P IY0 => हैपी,Same ,"प्रसन्न , खुश ,मंगलमय ",,
,pretty: P R IH1 T IY0 => प्रिटी,Same ,"सुन्दर , आकर्षक , सुखदायक ",,
,saw: S AO1 => सॉ,Same ,"देखा , कहावत , आरा , वाक्य",,
,girl: G ER1 L => ग्र्ल,गर्ल,"लडकी , कन्या , बच्ची",,
,sir: S ER1 => स्र,सर,"श्रीमान , महोदय",,
,show: SH OW1 => शो,Same ,"दिखाना , प्रदर्शन करना , इशारा करना ",,
,friend: F R EH1 N D => फ्रेन्ड,Same ,"दोस्त ,मित्र",,
,already: AO0 L R EH1 D IY0 => आल्रेडी,Same ,"पहले ,अब तक , तब तक",,
,saying: S EY1 IH0 NG => सेऽइंग,Same ,"कहावत ,उक्ति  ,राय",,
,may: M EY1 => मेऽ,Same ,"सकना , आज्ञा पाना ,संभव",,
,next: N EH1 K S T => नेक्स्ट,Same ,"अगला , दूसरा , आगामी",,
,three: TH R IY1 => थरी,थरी । थ्री,तीन,,
,job: JH AA1 B => जॉब,Same ,काम,,
,problem: P R AA1 B L AH0 M => प्रॉब्लैम,Same ,"मुसीबत ,समस्या , मसला",,
,minute: M IH1 N AH0 T => मिनैट,Same ,"मिनट , क्षण",,
,found: F AW1 N D => फाव्न्ड,Same ,"पाना , नींव डालना , स्थापित करना ढालना",,
,world: W ER1 L D => वर्ल्ड,Same ,"दुनिया , संसार , लोक",,
,thinking: TH IH1 NG K IH0 NG => थिंग्किंग,Same ,"विचाारधारा , सोच , विचार ",,
,haven't: HH AE1 V AH0 N T => हैवैन्ट,Same ,नहीं है ,,
,heard: HH ER1 D => हर्ड,Same ,"सुना हुआ ,श्रुत",,
,honey: HH AH1 N IY0 => हानी,Same ,"शहद , मधू",,
,matter: M AE1 T ER0 => मैट्र,Same ,"मामला , पदार्थ ,बात",,
,myself: M AY2 S EH1 L F => माय्सेल्फ,Same ,"स्वयं , खुद ,अपने आप",,
,couldn't: K UH1 D AH0 N T => कूडैन्ट,Same ,नहीं कर सकना,,
,exactly: IH0 G Z AE1 K T L IY0 => इग्सैक्ट्ली,Same ,"बिल्कुल , सही , अचूक",,
,having: HH AE1 V IH0 NG => हैविंग,Same ,"होना , रखना",,
,ah: AA1 => ऑ,Same ,"यह , वह ,?",,
,probably: P R AA1 B AH0 B L IY0 => प्रॉबैब्ली,Same ,"शायद , संभवतया , मुमकिन",,
,happen: HH AE1 P AH0 N => हैपैन,Same ,"होना , घटित होना , आ पडना",,
,we've: W IY1 V => वीव,वी हैव,हमारे पास है,,
,hurt: HH ER1 T => हर्ट,Same ,"आहत , चोट , आघात पहुँचाना",,
,boy: B OY1 => बॉय,Same ,"लडका , बालक",,
,both: B OW1 TH => बोथ,Same ,"दोनो , दूसरा भी",,
,while: W AY1 L => वाय्ल,Same ,"जबकि , जब तक",,
,dead: D EH1 D => डेड,Same ,"मृत , मुर्दा ,जड़ ",,
,gotta: G AA1 T AH0 => गॉटै,Same ,पड़ेगाा?,,
,alone: AH0 L OW1 N => ऐलोन,Same ,"अकेला ,केवल , एक मात्र",,
,since: S IH1 N S => सिन्स,Same ,"जबसे , के बाद से , क्योंकि ",,
,excuse: IH0 K S K Y UW1 S => इक्स्क्यूस,Same ,"क्षमा करना , माफ करना ,क्षमादान करना",,
,start: S T AA1 R T => स्टॉर्ट,Same ,"शुरू करना ,प्रारम्भ , आरंभ",,
,kill: K IH1 L => किल,Same ,"वध , हत्या ,शिकार ,मार देना",,
,hard: HH AA1 R D => हॉर्ड,Same ,"कठिन , कठोर , कड़ा ",,
,you'd: Y UW1 D => यूड,Same ,आप चाहते हैं ,,
,today: T AH0 D EY1 => टैडेऽ,टुडे,"आज  , आजकल ",,
,car: K AA1 R => कॉर,Same ,"कार ,गाडी , मोटर",,
,,,,,
,until: AH0 N T IH1 L => ऐन्टिल,Same ,"तक , जब तक",,
,without: W IH0 TH AW1 T => विथाव्ट,Same ,"के बिना , बगैर",,
,whatever: W AH2 T EH1 V ER0 => वऽटेव्र,व्हाटएवर,"जो भी हो , जो कुछ ,जितना ,जो जो",,
,wants: W AA1 N T S => वॉन्ट्स,Same ,"चाहता है , आवश्यकताएँ ",,
,hold: HH OW1 L D => होल्ड,Same ,"पकड , अधिकार",,
,wanna: W AA1 N AH0 => वॉनै,Same ,चाहना,,
,yet: Y EH1 T => येट,Same ,"अभी तक , अब तक",,
,seen: S IY1 N => सीन,Same ,"देखा ,देखना",,
,deal: D IY1 L => डील,Same ,"सौदा , समझौता , व्यवहार",,
,took: T UH1 K => टूक,Same ,ले लिया ,,
,once: W AH1 N S => वान्स,Same ,"एक बार , ेक दिन , एकदा",,
,gone: G AO1 N => गॉन,Same ,"गया , खो गया हुआ , कमजोर",,
,called: K AO1 L D => कॉल्ड,Same ,"सुबह , सवेरा , तडके",,
,morning: M AO1 R N IH0 NG => मॉर्निंग,Same ,"सुबह , सवेरा , तडके",,
,supposed: S AH0 P OW1 Z D => सैपोस्ड,सपोज़्ड,"माना , काल्पनिक , ",,
,friends: F R EH1 N D Z => फ्रेन्ड्स,Same ,"दोस्त ,मित्र",,
,head: HH EH1 D => हेड,Same ,"सिर , मुखिया , सर",,
,stuff: S T AH1 F => स्टाफ,इस्टफ," सामग्री , पदार्थ , कूड़ा ,सामान",,
,most: M OW1 S T => मोस्ट,Same ,"ज्यादातर , अधिकांश , अत्यंन्त",,
,used: Y UW1 Z D => यूस्ड,Same ,"उपयोग किया हुआ ,प्रयुक्त , अभ्यस्त",,
,worry: W ER1 IY0 => वरी,Same ,"चिंता करना ,परेशानी , कष्ट",,
,second: S EH1 K AH0 N D => सेकैन्ड,Same ,"दूसरा ,दोबारा ,व्दितीय",,
,part: P AA1 R T => पॉर्ट,Same ,"अंश , भाग , हिस्सा",,
,live: L AY1 V => लाय्व,लाइव,"जीना , रहना , बिताना , जीवंत",,
,truth: T R UW1 TH => ट्रूथ,Same ,"सत्य , सच्चाई , सच",s,
,school: S K UW1 L => स्कूल,Same ,"विद्यालय , स्कूल , शिक्षा स्थल ",स,
,face: F EY1 S => फेऽस,Same ,,,
,forget: F ER0 G EH1 T => फ्र्गेट,Same ,"भूल जाना , भूल जाना ,भुलाना",,
,true: T R UW1 => ट्रू,Same ,"सच , यथार्थ",,
,business: B IH1 Z N AH0 S => बिस्नैस,बिज़नेस,"व्यापार , व्यवसाय , कार्य",,
,each: IY1 CH => ईच,Same ,"प्रत्येक , प्रति , परस्पर ",,
,cause: K AA1 Z => कॉस,Same ,"कारण , वजह , कार्य",,
,soon: S UW1 N => सून,Same ,"जल्दी , शीघ्र ",,
,knows: N OW1 Z => नोस,Same ,जानता है,,
,few: F Y UW1 => फ्यू,Same ,"कुछ , थोड़े ,अल्प",,
,telling: T EH1 L IH0 NG => टेलिंग,Same ,"कहना , अर्थ पूर्ण ",,
,wife: W AY1 F => वाय्फ,Same ,"पत्नी ,बीबी , स्त्री",,
,who's: HH UW1 Z => हूस,Same ,"किसका , कौन है",,
,use: Y UW1 S => यूस,Same ,"प्रयोग करना , उपयोग में लाना",,
,chance: CH AE1 N S => चैन्स,Same ,"मौका , संयोग , अवसर",,
,run: R AH1 N => रान,रन,दौड़ना ,,
,move: M UW1 V => मूव,Same ,"स्थान परिवर्तन , कार्यवाही , चाल",,
,anyone: EH1 N IY0 W AH2 N => एनीवऽन,Same ,"किसी को , कोई व्यक्ति",,
,person: P ER1 S AH0 N => प्र्सैन,परसन,"आदमी ,व्यक्ति",,
,bye: B AY1 => बाय,Same ,"अलविदा , जाते समय का अभिवादन",,
,,,,,
,somebody: S AH1 M B AA2 D IY0 => साम्बॉडी,Same ,"कोई , कोई व्यक्ति , कोई न कोई",,
,,,,,
,heart: HH AA1 R T => हॉर्ट,Same ,"दिल , केन्द्र ",,
,such: S AH1 CH => साच,Same ,"ऐसा , इतना , वैसा",,
,miss: M IH1 S => मिस,Same ,कुमारी ,,
,married: M EH1 R IY0 D => मेरीड,Same ,"विवाहित , शादीशुदा ,वैवाहिक",,
,point: P OY1 N T => पॉयन्ट,Same ,"बिन्दु , अंक , स्थल",,
,later: L EY1 T ER0 => लेऽट्र,Same ,"बाद में , उत्तर काल ",,
,making: M EY1 K IH0 NG => मेऽकिंग,Same ,"निर्माण , उत्पादन , बनावट",,
,meet: M IY1 T => मीट,Same ,"मिलना , भेंट करना , मिल जाना",,
,anyway: EH1 N IY0 W EY2 => एनीवेऽ,Same ,"किसी न किसी प्रकार से , वैसे भी",,
,many: M EH1 N IY0 => मेनी,Same ,"अनेक , बहुत सा",,
,phone: F OW1 N => फोन,Same ,फोन,,
,reason: R IY1 Z AH0 N => रीसैन,Same ,"कारण ,तर्क , वजह",,
,damn: D AE1 M => डैम,Same ,"लानत ,धिक्कार , शाप",,
,lost: L AO1 S T => लॉस्ट,Same ,"खोना ,लुप्त",,
,looks: L UH1 K S => लूक्स,Same ,"दिखता है , देखना",,
,bring: B R IH1 NG => ब्रिंग,Same ,"लाओ , लाना",,
,case: K EY1 S => केऽस,Same ,"मामला , स्थिति , हालत",,
,turn: T ER1 N => ट्र्न,Same ,"मोड़ , घुमाव , फेर",,
,wish: W IH1 SH => विश,Same ,"इच्छा , अभिलाषा",,
,tomorrow: T AH0 M AA1 R OW2 => टैमॉरो,Same ,आने वाला कल,,
,kids: K IH1 D Z => किड्स,Same ,"छोटे बच्चे , मेमने",,
,trust: T R AH1 S T => ट्रास्ट,Same ,"विश्वास , न्यास",,
,check: CH EH1 K => चेक,Same ,"चेक(पैसा लेन देन से )सम्मबन्धित , जॉच , निरोध",,
,change: CH EY1 N JH => चेऽन्ज,Same ,"परिवर्तन ,बदलना",,
,end: EH1 N D => एन्ड,,"समाप्त , अंत , समाप्ति",,
,late: L EY1 T => लेऽट,Same ,"देर से , विलम्ब से , स्वर्गीय",,
,anymore: EH2 N IY0 M AO1 R => एनीमॉर,Same ,अब,,
,five: F AY1 V => फाय्व,Same ,"पॉच , पॉचवॉ",,
,least: L IY1 S T => लीस्ट,Same ,कम से कम,,
,town: T AW1 N => टाव्न,Same ,"शहर , नगर , सिटी",,
,aren't: AA1 R AH0 N T => ऑरैन्ट,Same ,नहीं कर रहे हैं ,,
,ha: HH AA1 => हॉ,Same ,वह रखता है ?,,
,working: W ER1 K IH0 NG => वर्किंग,Same ,"काम कर रहे हैं , कार्यकारी , श्रमजीवी ",,
,year: Y IH1 R => यिर,,"वर्ष , साल , बरस",,
,makes: M EY1 K S => मेऽक्स,Same ,बनाता है,,
,taking: T EY1 K IH0 NG => टेऽकिंग,Same ,"लेना , ले रहा , कब्जा करना ,पकड़ ,परिग्रह",,
,means: M IY1 N Z => मीन्स,Same ,"साधन , से अभिप्रेत",,
,brother: B R AH1 DH ER0 => ब्रादर,Same ,"भूाई , भ्राता",,
,play: P L EY1 => प्लेऽ,Same ,"खेल , नाटक , क्रीड़ा ",,
,hate: HH EY1 T => हेऽट,Same ,"नफरत करना , घृणा करना ,बैर",,
,ago: AH0 G OW1 => ऐगो,Same ,"पूर्व , बीता हुआ , अतीत काल",,
,says: S EH1 Z => सेस,Same ,कहते हैं ,,
,beautiful: B Y UW1 T AH0 F AH0 L => ब्यूटैफैल,ब्युटिफुल,"सुन्दर , सुरूप , शोभायमान",,
,gave: G EY1 V => गेऽव,Same ,दिया,,
,fact: F AE1 K T => फैक्ट,Same ,"तथ्य , सत्य , सच्चाई",,
,crazy: K R EY1 Z IY0 => क्रेऽसी,Same ,"पागल , लगन , अत्यन्त चाहत",,
,party: P AA1 R T IY0 => पॉर्टी,Same ,"दल , पार्टी ",,
,sit: S IH1 T => सिट,Same ,"बैठना , अधिवेशन",,
,open: OW1 P AH0 N => ओपैन,Same ,"खुला , खोलना , उद्घाटन करना",,
,afraid: AH0 F R EY1 D => ऐफ्रेऽड,Same ,"डरा हुआ , भयभीत",,
,between: B IH0 T W IY1 N => बिट्वीन,Same ,"बीच में , ",,
,important: IH0 M P AO1 R T AH0 N T => इम्पॉर्टैन्ट,Same ,"आवश्यक , महत्वपूर्ण , जरूरी",,
,rest: R EH1 S T => रेस्ट,Same ,"विश्राम ,आराम , आपमें से कुछ",,
,fun: F AH1 N => फान,Same ,"मजाक , मनोरंजन , आमोद प्रमोद ",,
,kid: K IH1 D => किड,Same ,Repeat ,,
,word: W ER1 D => वर्ड,Same ,"वचन , बात , शब्द",,
,watch: W AA1 CH => वॉच,Same ,"घड़ीी , निगरानी करना ,पहरा",,
,glad: G L AE1 D => ग्लैड,Same ,"खुश होना , प्रसन्न होना , आनंदितहोना ,मगन होना",,
,everyone: EH1 V R IY0 W AH2 N => एव्रीवऽन,Same ,"सब लोग , हरेक ,प्रत्येक",,
,days: D EY1 Z => डेऽस,Same ,दिन,,
,sister: S IH1 S T ER0 => सिस्ट्र,Same ,"बहन , नर्स",,
,minutes: M IH1 N AH0 T S => मिनैट्स,Same ,"समय इंगित करना , विवरण , कार्यवृत्ति",,
,everybody: EH1 V R IY0 B AA2 D IY0 => एव्रीबॉडी,Same ,"सब कोई ,प्रत्येक , हरेक",,
,bit: B IH1 T => बिट,Same ,अंश,,
,couple: K AH1 P AH0 L => कापैल,Same  /कपिल,"जोड़ा , युगल , मिथुन राशि",,
,whoa: W OW1 => वो,Same ,"रुको (घोड़े के लिए) , चेतावनी,आश्चर्य",,
,either: IY1 DH ER0 => ईदर,Same ,"दोनों में से एक ,भी",,
,Mrs.: M IH1 S IH0 Z => मिसिस,Same ,"श्रीमती, महिला को सम्मान सूचक",,
,feeling: F IY1 L IH0 NG => फीलिंग,Same ,"भावना ,अनुभव करना, अनुभूति",,
,daughter: D AO1 T ER0 => डॉट्र,Same ,"पुत्री , बेटी",,
,wow: W AW1 => वाव,Same ,बहुत खूब,,
,gets: G EH1 T S => गेट्स,Same ,"पाना , ",,
,asked: AE1 S K T => ऐस्क्ट,Same / आस्क्ड,पूछा,,
,under: AH1 N D ER0 => आन्ड्र,आन्ड्र । अन्डर,"अंतर्गत , नीचे , अधीन , कम",,
,break: B R EY1 K => ब्रेऽक,Same ,तोड़ना-फोड़ना,,
,promise: P R AA1 M AH0 S => प्रॉमैस,Same \प्रामिस,"वादा ,वचन ,प्रतिज्ञा",,
,door: D AO1 R => डॉर,Same ,"दरवाजा , द्वार",,
,set: S EH1 T => सेट,Same ,"समूह , संग्रह ,अस्त",,
,close: K L OW1 S => क्लोस,Same ,"बन्द करना ,पास ,समीप ,घनिष्ट",,
,hand: HH AE1 N D => हैन्ड,Same ,"हाथ ,भुजा ,हस्तक्षर",,
,easy: IY1 Z IY0 => ईसी,Same ,"आसान ,सरल ,सुगम",,
,question: K W EH1 S CH AH0 N => क्वेस्चैन,Same ,प्रश्न,,
,doctor: D AA1 K T ER0 => डॉक्ट्र,Same ,चिकित्सक,,
,tried: T R AY1 D => ट्राय्ड,Same ,"कोशिश किया ,प्रयास करना ,अनुभूति",,
,far: F AA1 R => फॉर,Same ,"दूर , दूरस्थ ,बहुत दूर",,
,walk: W AO1 K => वॉक,Same ,"चलना , जाना , कदम",,
,needs: N IY1 D Z => नीड्स,Same ,"जरूरत , आवश्कता",,
,trouble: T R AH1 B AH0 L => ट्राबैल,Same ,"विश्वास  ,मुसीबत ,क्लेश ,आफत",,
,mine: M AY1 N => माय्न,Same ,"मेरा ,अपना",,
,though: DH OW1 => दो,Same ,यद्यपि,,
,times: T AY1 M Z => टाय्म्स,Same ,बार- बार,,
,different: D IH1 F ER0 AH0 N T => डिफ्रैन्ट,Same ,"विभिन्न , अलग ,पृथक , नया",,
,killed: K IH1 L D => किल्ड,Same ,"मारा गया , हत , हत्या",,
,hospital: HH AA1 S P IH2 T AH0 L => हॉस्पिटैल,Same ,"चिकित्सालय ,अस्पताल",,
,anybody: EH1 N IY0 B AH0 D IY0 => एनीबैडी,Same ,"कोई , कोई व्यक्ति , कोई न कोई",,
,Sam: S AE1 M => सैम,Same ,"खर्च उठाना ,खर्च मंजूर करना",,
,alright: AO2 L R AY1 T => आल्राय्ट,Same ,"बिल्कुल सही , बहुत ठीक , दुरुस्त",,
,wedding: W EH1 D IH0 NG => वेडिंग,Same ,"शादी , विवाह , ब्याह",,
,shut: SH AH1 T => शाट,Same ,"बंद , मॅुह बंद",,
,able: EY1 B AH0 L => एऽबैल,Same ,"काबिल , समर्थ , सक्षम",,
,die: D AY1 => डाय,Same ,"मरना , मृत्यु",,
,perfect: P ER0 F EH1 K T => प्र्फेक्ट,Same ,"उत्तम , सुन्दर , निष्कलंक",,
,police: P AH0 L IY1 S => पैलीस,पोलिस ।पुलिस,"पुलिस , नगर-पाल , आरक्षी",,
,stand: S T AE1 N D => स्टैन्ड,Same ,"खड़ा होना , पार्किगं , ठहराव , दुकान",,
,comes: K AH1 M Z => काम्स,Same ,आता है,,
,hit: HH IH1 T => हिट,Same ,"चोट पहॅुचाना , मारना , आघात पहॅुचाना",,
,story: S T AO1 R IY0 => स्टॉरी,Same ,"कहानी , कथा , कथानक",,
,ya: Y AA1 => यॉ,Same ,हॅा,,
,,,,,
,waiting: W EY1 T IH0 NG => वेऽटिंग,Same ,"इतंजार करना , प्रतीक्षा",,
,dinner: D IH1 N ER0 => डिन्र,डिनर,"रात का खाना , रात्रि भोज",,
,against: AH0 G EH1 N S T => ऐगेन्स्ट,Same ,"के विरुध्द , के खिलाफ , के प्रतिकूल",,
,funny: F AH1 N IY0 => फानी,Same ,"मजे़दार , हास्यस्पद,खिलवाड़ी,विनोदी",,
,husband: HH AH1 Z B AH0 N D => हास्बैन्ड,Same ,"पती ,शौहर ,धव",,
,almost: AO1 L M OW2 S T => ऑल्मोस्ट,Same ,"लगभग ,करीब-करीब ,प्रायः,अधिकतर",,
,stupid: S T UW1 P AH0 D => स्टूपैड,Same ,"बेवकूफ ,मू्र्ख,मूढ़,जड़,बेअकल ,भोंदू",,
,pay: P EY1 => पेऽ,Same ,"वेतन,अदा करनाभुगतान करना ,बदलालेना ,ऋण चुकाना",,
,answer: AE1 N S ER0 => ऐन्स्र,आन्सर,"उत्त्तर,जवाब,उत्तरदायी",,
,four: F AO1 R => फॉर,फोर,चार,,
,office: AO1 F AH0 S => ऑफैस,आफिस,"कार्यालय,दफ्तर",,
,cool: K UW1 L => कूल,Same ,"ढंडा,शीतल ,उत्तेजनाहीन ,उदासीन",,
,eyes: AY1 Z => आय्स,Same ,"आखें , नेत्र ,लोचन",,
,news: N UW1 Z => नूस,,"समाचार ,संदेश ,ख़बर ",,
,child: CH AY1 L D => चाय्ल्ड,Same ,"बच्चा ,बालक ,शिशू",,
,shouldn't: SH UH1 D AH0 N T => शूडैन्ट,Same ,नहीं करना चाहिये,,
,half: HH AE1 F => हैफ,Same ,आधा भाग,,
,side: S AY1 D => साय्ड,Same ,"पक्ष , पहलू , दिशा",,
,yours: Y UH1 R Z => यूर्स,Same ,"आपके ,तुम्हारा ,आपके ,तुम्हारे",,
,moment: M OW1 M AH0 N T => मोमैन्ट,Same ,"क्षण ,पल ,समय ,दम ,",,
,sleep: S L IY1 P => स्लीप,Same ,"नींद ,निद्रा ,शयन ,मृत्यु ,शांती",,
,read: R EH1 D => रेड,Same ,"पढ़ना ,अध्ययन करना ,शिक्षा प्राप्त करना",,
,where's: W EH1 R Z => वेर्स,Same ,कहॅा है,,
,started: S T AA1 R T AH0 D => स्टॉर्टैड,Same ,"प्रारम्भ करना ,शरू कर देना",,
,young: Y AH1 NG => यांग,Same ,"युवा ,जवान ,तरुण",,
,men: M EH1 N => मेन,Same ,"आदमियों ,व्यक्तियों,पुरुषों",,
,sounds: S AW1 N D Z => साव्न्ड्स,Same ,आवाज़ ,,
,sonny: S AH1 N IY0 => सानी,Same ,"बेटे को पुकारन वाला शब्द ,बेटा ,लला ,लाल",,
,lucky: L AH1 K IY0 => लाकी,Same ,"भागभाग्यशाली ,भग्यवान ,शुभ ,मंगलप्रद",,
,pick: P IH1 K => पिक,Same ,"चुनना ,चयन ,बीनना ,हुक्म के पत्ते ,चुराना,चुभाना",,
,sometimes: S AH0 M T AY1 M Z => सैम्टाय्म्स,Same ,"कभी-कभी ,किसी समय ,किसी-किसी समय",,
,em: AH0 M => ऐम,Same ,में,,
,bed: B EH1 D => बेड,Same ,"बिस्तर ,खाट ,चारपाई ,शैय्या ,नदीतल ,सेज़",,
,also: AO1 L S OW0 => ऑल्सो,Same ,"भी ,तथा ,और ,साथ ही ",,
,date: D EY1 T => डेऽट,Same ,"तारीख़ ,तिथि ,दिनांक,खजूर ,मुलाकात ,मिति",,
,line: L AY1 N => लाय्न,Same ,"रेखा ,पंक्ति ,तार ,क्रम ,लीक ,रेल मार्ग,श्रेणी,",,
,plan: P L AE1 N => प्लैन,Same ,"योजना,ढांचा ,मंसूबा,कल्पना,नक्शा,आलेख",,
,hours: AW1 ER0 Z => आव्र्स,Same ,"घंटे ,काम का नियत समय",,
,lose: L UW1 Z => लूस,Same ,"खोना  ,गवाना ,छोड़ना",,
,fire: F AY1 ER0 => फाय्र,Same ,"आग ,ज्वाला",,
,free: F R IY1 => फ्री,Same ,"नि:ह शुल्क ,मुक्त ,मुफ्त ,आजा़द ,स्वतंत्र",,
,hands: HH AE1 N D Z => हैन्ड्स,Same ,"हाथ ,भुजा ,हस्ताक्षर",,
,serious: S IH1 R IY0 AH0 S => सिरीऐस,Same ,"गंम्भीर ,संगीन ,संजीदा",,
,Leo: L IY1 OW0 => लीओ,Same ,सिंह राशि,,
,shit: SH IH1 T => शिट,Same ,"मल ,विष्टा ,अपशब्द",,
,behind: B IH0 HH AY1 N D => बिहाय्न्ड,Same ,"पीछे ,और पीछे",,
,inside: IH0 N S AY1 D => इन्साय्ड,Same ,"अंदर ,भीतर",,
,high: HH AY1 => हाय,Same ,उच्च,,
,ahead: AH0 HH EH1 D => ऐहेड,Same ,"आगे ,सामने ,पहले से",,
,week: W IY1 K => वीक,Same ,"सप्ताह , हफ्ता",,
,wonderful: W AH1 N D ER0 F AH0 L => वान्ड्र्फैल,s/ वन्डरफुल,"कमाल का ,निराला ,अद्भुत",,
,,,,,
,fight: F AY1 T => फाय्ट,Same ,"लड़ाई, झगड़ा ,युद्ध",,
,past: P AE1 S T => पैस्ट,Same /पास्ट,"भूतकाल ,अतीत ,भूत",,
,cut: K AH1 T => काट,Same ,"कट गया ,कटौती करना",,
,quite: K W AY1 T => क्वाय्ट,Same ,"अत्यन्त ,बिल्कुल ,सम्पूर्ण रूप में ,सब कुछ",,
,number: N AH1 M B ER0 => नाम्ब्र,Same / नंबर,"संख्या ,ताद़ाद ,गिनती",,
,he'll: HH IY1 L => हील,Same ,"नरक ,यमलोक ,दोज़ख",,
,sick: S IH1 K => सिक,Same ,"बीमार ,रुग्ण",,
,S.: EH1 S => एस,Same ,एस ?,,
,it'll: IH1 T AH0 L => इटैल,Same ,यह होगा,,
,game: G EY1 M => गेऽम,Same ,"खेल , नाटक , क्रीड़ा ",,
,eat: IY1 T => ईट,Same ,"खाना खाना ,भोजन करना ,खाना खा लो",,
,nobody: N OW1 B AA2 D IY2 => नोबॉडी,Same ,"कोई  नहीं ,कोई भी नहीं",,
,goes: G OW1 Z => गोस,Same /गोज़,जाता है,,
,death: D EH1 TH => डेथ,Same ,"मौत ,मृत्यु ,मरण",,
,along: AH0 L AO1 NG => ऐलॉंग,Same ,"साथ में ,साथ-साथ ,बराबर बराबर ,बिल्कुल",,
,save: S EY1 V => सेऽव,Same ,"बचत करना ,बचाना ,इकट्ठा करना,सहेजें",,
,seems: S IY1 M Z => सीम्स,Same ,प्रतीत होना,,
,finally: F AY1 N AH0 L IY0 => फाय्नैली,Same ,"अन्ततोगत्वा ,अंतिम रूप में ,आखिरकार",,
,lives: L IH1 V Z => लिव्स,Same /लाइव्स,रहता है,,
,worried: W ER1 IY0 D => वरीड,Same ,चिंतित,,
,upset: AH0 P S EH1 T => ऐप्सेट,Same ,"परेशान ,घबराना ,उलटना",,
,Theresa: T ER0 IY1 S AH0 => ट्रीसै,Same ,वहॅा है,,
,Carly: K AA1 R L IY0 => कॉर्ली,Same ,?,German origin means 'free women' 'warrior' 'army,
,Ethan: IY1 TH AH0 N => ईथैन,Same ,इथेन,,
,met: M EH1 T => मेट,Same ,"मिलना , भेंट करना , मिल जाना",,
,book: B UH1 K => बूक,Same ,"किताब ,पुस्तक ,बही",,
,brought: B R AO1 T => ब्रॉट,Same ,"लाना ,लाया",,
,seem: S IY1 M => सीम,Same ,"प्रतीत होना ,लगना",,
,sort: S AO1 R T => सॉर्ट,Same ,"तरह ,प्रकार भेद",,
,safe: S EY1 F => सेऽफ,Same ,"सुरक्षित ,सकुशल",,
,living: L IH1 V IH0 NG => लिविंग,Same ,"जीविका ,जीवित ,समकालीन",,
,children: CH IH1 L D R AH0 N => चिल्ड्रैन,Same ,"बच्चा ,बाल बच्चे ,औलाद",,
,weren't: W ER1 AH0 N T => वरैन्ट,Same ,नहीं थे,,
,leaving: L IY1 V IH0 NG => लीविंग,Same ,"छोड़ना ,सर्जन ,वर्जन",,
,front: F R AH1 N T => फ्रान्ट,Same ,"सामने ,मोर्चा ,अग्र",,
,shot: SH AA1 T => शॉट,Same ,"गोली चलने की आवाज ,गोली मारना",,
,loved: L AH1 V D => लाव्ड,Same ,प्यार किया,,
,asking: AE1 S K IH0 NG => ऐस्किंग,Same ,"पूछना ,प्रश्न करना",,
,running: R AH1 N IH0 NG => रानिंग,Same /रनिंग,दौड़ना,,
,clear: K L IH1 R => क्लिर,Same ,"स्पष्ट ,साफ ,निर्मल",,
,figure: F IH1 G Y ER0 => फिग्य्र,Same ,"आकृती ,आंकड़ा ,मूर्ती",,
,hot: HH AA1 T => हॉट,Same ,"गरम ,तप्त ,उष्ण",,
,felt: F EH1 L T => फेल्ट,Same ,"आभास ,लगा ,कम्बल",,
,,,,,
,parents: P EH1 R AH0 N T S => पेरैन्ट्स,Same ,माता-पिता,,
,drink: D R IH1 NG K => ड्रिंग्क,Same ,"पीना ,शराब ,पेय",,
,absolutely: AE2 B S AH0 L UW1 T L IY0 => ऐब्सैलूट्ली,Same ,"बिल्कु्ल ,पूर्ण रूप से ,निश्चित रूप से ,नितांत",,
,how's: HH AW1 Z => हाव्स,Same ,"कैसा है ,प्रकार ,ढंग ,तरह",,
,daddy: D AE1 D IY0 => डैडी,Same ,"पिता ,बाप ,बापू",,
,sweet: S W IY1 T => स्वीट,Same ,"मिटाई, मीठा,प्यारा,आकर्षक,सुहावना,मधुर",,
,alive: AH0 L AY1 V => ऐलाय्व,Same ,"जीवित,सजीव,जिंदा,क्रियाशील",,
,Paul: P AO1 L => पॉल,Same ,पाल,,
,sense: S EH1 N S => सेन्स,Same ,"समझ ,भावना ,ज्ञान ,बोध",,
,meant: M EH1 N T => मेन्ट,Same / मीन्ट,मतलब,,
,happens: HH AE1 P AH0 N Z => हैपैन्स,Same ,होता है,,
,David: D EY1 V IH0 D => डेऽविड,Same ,डेविड (नाम),David has Biblical root means beloved,
,special: S P EH1 SH AH0 L => स्पेशैल,Same ,"विशेष ,विशिष्ट",,
,bet: B EH1 T => बेट,Same ,शर्त,,
,blood: B L AH1 D => ब्लाड,Same ,"खून, रक्त, लहू",,
,ain't: EY1 N T => एऽन्ट,Same ,नहीं है,,
,kidding: K IH1 D IH0 NG => किडिंग,Same ,"मजाक , मनोरंजन , आमोद प्रमोद ",,
,lie: L AY1 => लाय,Same ,"झूठ ,असत्य ,चालबाजी़",,
,full: F UH1 L => फूल,Same ,"पू्र्ण ,भरा हुआ ,पूरा",,
,meeting: M IY1 T IH0 NG => मीटिंग,Same ,"बैठक ,सभा ,भेंट",,
,dear: D IH1 R => डिर,Same / डियर,"प्रिय ,प्यारा ,महंगा",,
,coffee: K AA1 F IY0 => कॉफी,Same ,काफ़ी (पेय पदार्थ),,
,seeing: S IY1 IH0 NG => सीइंग,Same ,"देखना ,",,
,sound: S AW1 N D => साव्न्ड,Same ,"आवाज़ ,की वज़ह से ,के कारणसे ,यह देखते हुए",,
,fault: F AO1 L T => फॉल्ट,Same ,"दोष ,गुनाह ,अशुद्धि ,त्रृटि ,चूक ,अपूर्णता",,
,water: W AO1 T ER0 => वॉट्र,Same ,"पानी ,जल ,नीर",,
,fuck: F AH1 K => फाक,Same ,"लानत ,मैथुन करना",,
,,,,,
,women: W IH1 M AH0 N => विमैन,Same ,"महिला ,औरत ",,
,John: JH AA1 N => जॉन,Same ,ज़ान,,
,welcome: W EH1 L K AH0 M => वेल्कैम,Same ,"अभिवादन करना,स्वागत करना ,प्रणाम करना",,
,buy: B AY1 => बाय,Same ,"खरीदना ,क्रय करना",,
,months: M AH1 N TH S => मान्थस,Same ,महीने,,
,hour: AW1 ER0 => आव्र,Same /आवर,"घंटे ,काम का नियत समय",,
,speak: S P IY1 K => स्पीक,Same ,बोलना,,
,lady: L EY1 D IY0 => लेऽडी,Same ,"भद्र महिला ,स्त्री ,घर की मालकिन ,",,
,Jen: JH EH1 N => जेन,Same ,अभी-अभी,,
,thinks: TH IH1 NG K S => थिंग्क्स,Same ,"सोचना ,विचार करना ,संकल्प करना ,चिन्ता करना",,
,Christmas: K R IH1 S M AH0 S => क्रिस्मैस,Same ,"ईसा का जन्म दिन ,बड़ादिन ,ईसा जन्मोत्सव",,
,body: B AA1 D IY0 => बॉडी,Same ,"शरीर ,तन ,मुर्दा ,प्रधान भाग ,संस्था",,
,order: AO1 R D ER0 => ऑर्ड्र,"Same / आर्डर ,","आदेश ,आज्ञा ,ब्यवस्था ,आज्ञप्ति",,
,outside: AW1 T S AY1 D => आव्ट्साय्ड,Same ,"बाहर ,बाह्य ,पराया",,
,hang: HH AE1 NG => हैंग,Same ,"लटकना ,फ़ासी देना ,टांगना",,
,possible: P AA1 S AH0 B AH0 L => पॉसैबैल,Same ,"संभव ,संभाव्य ,सुलभ",,
,worse: W ER1 S => वर्स,Same ,और भी बुरा होना,,
,company: K AH1 M P AH0 N IY0 => काम्पैनी,Same ,"साथ ,कंपनी ,संगठन ,सेना का समूह ,साहचर्य",,
,mistake: M IH0 S T EY1 K => मिस्टेऽक,Same ,"गलती , भूल ,दोष ,अशुद्धि",,
,ooh: UW1 => ऊ,Same ,उह,,
,handle: HH AE1 N D AH0 L => हैन्डैल,Same ,"मॅूठ ,प्रबन्ध करना ,हत्था ,हाथ में लेना ,पकड़ना",,
,spend: S P EH1 N D => स्पेन्ड,Same ,"बिताना,खर्च करना ,उपयोग करना ,व्यय करना",,
,,,,,
,totally: T OW1 T AH0 L IY0 => टोटैली,Same ,"पूरी तरह से ,कुल मिलाकर ,पूर्ण रूप से",,
,giving: G IH1 V IH0 NG => गिविंग,Same,"देना ,दान ,पुरस्कार",,
,control: K AH0 N T R OW1 L => कैन्ट्रोल,Same ,"नियंत्रण ,संयम ,अंकुश ,संचालन,निरोध",,
,here's: HH IH1 R Z => हिर्स,Same ,यहॅा है,,
,marriage: M EH1 R IH0 JH => मेरिज,Same ,"शादी,विवाह ,ब्याह",,
,realize: R IY1 AH0 L AY2 Z => रीऐलाय्स,Same ,"एहसास,समझना,वसूल करना,अनुभव करना,",,
,D.: D IY1 => डी,Same ,डी(अंग्रजी वर्ण),,
,power: P AW1 ER0 => पाव्र,Same ,"शक्ती ,सत्ता ,अधिकार,बल,पराक्रम,शासन,ऱाज़",,
,president: P R EH1 Z AH0 D EH2 N T => प्रेसैडेन्ट,Same ,"राष्ट्रपति ,अध्यक्ष,सभापति",,
,unless: AH0 N L EH1 S => ऐन्लेस,Same ,"जब-तक,यदि नहीं,न कि,सिवाय",,
,sex: S EH1 K S => सेक्स,Same ,"लिंग,यौन क्रिया,काम",,
,girls: G ER1 L Z => ग्र्ल्स,Same / गर्लस,"लड़कियां,",,
,send: S EH1 N D => सेन्ड,Same ,"भेज़ना,प्रषित करना फेंकना",,
,needed: N IY1 D AH0 D => नीडैड,Same ,आवश्यकता है,,
,,,,,
,taken: T EY1 K AH0 N => टेऽकैन,Same ,"लिंया,ले जाना ,ग्रहण किया हुआ",,
,died: D AY1 D => डाय्ड,Same ,"मृत ,मर जाना",,
,scared: S K EH1 R D => स्केर्ड,Same ,"डरा हुआ,भयभीत,भयाकुल",,
,picture: P IH1 K CH ER0 => पिक्चर,Same ,"चित्र,सिनेमा ,फोटो",,
,talked: T AO1 K T => टॉक्ट,Same / टाक्ड,"बोलनाा,बातचीत करना,गुफ्तगू करना",,
,Jake: JH EY1 K => जेऽक,Same ,जेक?,,
,Al: AE1 L => ऐल,Same ,ऐल ?,,
,ass: AE1 S => ऐस,Same ,"घंधा ,नितंब ,कमर के पीछे का भाग",,
,hundred: HH AH1 N D R AH0 D => हान्ड्रैड,Same / हन्डे्ड,"शतक ,सौ",,
,changed: CH EY1 N JH D => चेऽन्ज्ड,Same ,"बदला हुआ ,तबदील",,
,completely: K AH0 M P L IY1 T L IY0 => कैम्प्लीट्ली,Same ,"पूरी तरह से ,कुल मिलाकर ,पूर्ण रूप से",,
,explain: IH0 K S P L EY1 N => इक्स्प्लेऽन,Same ,"समझाना ,स्पष्ट करना ,व्याख्या करना",,
,playing: P L EY1 IH0 NG => प्लेऽइंग,Same ,"खेल रहे हैं ,वादन",,
,certainly: S ER1 T AH0 N L IY0 => स्र्टैन्ली,सर्टेनली,"निश्चित रूप से ,ज़रूर ,ही",,
,sign: S AY1 N => साय्न,Same ,"संकेत ,निशान ,चिह्न",,
,boys: B OY1 Z => बॉयस,Same ,लड़के,,
,relationship: R IY0 L EY1 SH AH0 N SH IH2 P => रीलेऽशैन्शिप,Same ,"संबन्ध ,रिश्ता ,नातेदारी",,
,Michael: M AY1 K AH0 L => माय्कैल,Same ,माइकल ?,,
,loves: L AH1 V Z => लाव्स,Same ,प्यार,,
,fucking: F AH1 K IH0 NG => फाकिंग,Same ,"कम्बख्त ,कमीने",,
,hair: HH EH1 R => हेर,Same ,"बाल ,केश",,
,lying: L AY1 IH0 NG => लायिंग,Same ,"झूठ बोलना ,जन्मदेना,लेटा हुआ ,धोके से",,
,choice: CH OY1 S => चॉयस,Same / च्वायस,"पसंद ,विकल्प ,चुनना,. वरण ,चयन",,
,anywhere: EH1 N IY0 W EH2 R => एनीवेर,Same ,"कहीं भी ,कोई जगह ,सर्वत्र",,
,secret: S IY1 K R AH0 T => सीक्रैट,Same ,"गुप्त ,गोपनीय ,रहस्य का",,
,future: F Y UW1 CH ER0 => फ्यूचर,Same ,भविष्य,,
,weird: W IH1 R D => विर्ड,Same / वियर्ड,"अज़ीब ,विलक्षण ,विचित्र",,
,luck: L AH1 K => लाक,लक,"भाग्य ,संयोग ,तक़दीर",,
,she'll: SH IY1 L => शील,Same ,"सीप ,खोल आवरण ,शैल",,
,Max: M AE1 K S => मैक्स,Same ,अधिकतम,,
,Luis: L UW0 IY1 S => लुईस,Same ,लुइस ?,,
,turned: T ER1 N D => ट्र्न्ड,Same ,"बदलाहुआ ,तबदील",,
,known: N OW1 N => नोन,Same ,"ज्ञात ,मालूम,विदित",,
,touch: T AH1 CH => टाच,Same ,"स्पर्श ,छूना ,संपर्क",,
,kiss: K IH1 S => किस,Same ,"चुम्मा ,चूमना ,चुबंन",,
,crane: K R EY1 N => क्रेऽन,Same ,क्रेन,,
,questions: K W EH1 S CH AH0 N Z => क्वेस्चैन्स,Same ,प्रश्न,,
,obviously: AA1 B V IY0 AH0 S L IY0 => ऑब्वीऐस्ली,Same ,स्पष्टतः,,
,wonder: W AH1 N D ER0 => वान्ड्र,Same / वन्डर,"आश्चर्य ,अचंभा ,अद्भुत वस्तु",,
,pain: P EY1 N => पेऽन,Same ,"दर्द ,पीड़ा ,",,
,calling: K AO1 L IH0 NG => कॉलिंग,Same ,"बुलाना ,पेशा,धंधा ,व्यवसाय , आजीविका",,
,somewhere: S AH1 M W EH2 R => साम्वेर,Same / समव्हेयर,"कहीं ,किसी न किसी स्थान में ,",,
,throw: TH R OW1 => थरो,Same । थ्रौ,"फेंकना ,गिराना ,पटकना ,प्रक्षेपण,झोंकना",,
,straight: S T R EY1 T => स्ट्रेऽट,Same ,"सीधा,खुले दिल से,ईमानदार,सीधा,स्पष्टवादी",,
,grace: G R EY1 S => ग्रेऽस,Same ,"कृपा,अनुग्रह,आकर्षक आकृति,दया,अनुग्रह",,
,cold: K OW1 L D => कोल्ड,Same ,"सर्दी ,ठंढा ,जुकाम,शीतल,उदासीन,निरुत्साह",,
,White: W AY1 T => वाय्ट,Same / व्हाइट,"सफेद ,गोरा,धवल.शुभ्र,शुद्ध",,
,fast: F AE1 S T => फैस्ट,Same ,"तेज़ ,अनशन ,व्रत",,
,Natalie: N AE1 T AH0 L IY0 => नैटैली,Same ,नेटली ?,,
,words: W ER1 D Z => वर्ड्स,Same ,शब्दों,,
,R.: AA1 R => ऑर,Same ,आर (अंग्रजी शब्द),,
,food: F UW1 D => फूड,Same ,"खाद्य पदार्थ ,खाना",,
,none: N AH1 N => नान,Same ,"कोई  नहीं ,कोई भी नहीं",,
,drive: D R AY1 V => ड्राय्व,Same ,"गाड़ीी चलाना ,अभियान,आंदोलन,आना-जाना",,
,feelings: F IY1 L IH0 NG Z => फीलिंग्स,Same ,"भावना,अनुभूति,मनोभाव ,सहानुभूति,धारणा",,
,they'll: DH EY1 L => देऽल,Same ,वे होंगे,,
,worked: W ER1 K T => वर्क्ट,वर्क्ड,काम किया,,
,marry: M EH1 R IY0 => मेरी,Same ,"शादी करना,विवाह करना,ब्याह करना,जोड़ देना",,
,light: L AY1 T => लाय्ट,Same ,"प्रकाश,रोशनी,चमक,हलका,सुपाच्य,पथ्य",,
,test: T EH1 S T => टेस्ट,Same ,"परेीक्षण,जॅाच परख,परीक्षा,आज़माइश",,
,drop: D R AA1 P => ड्रॉप,Same ,बूंद,,
,cannot: K AE1 N AA0 T => कैनॉट,Same ,नहीं सकता,,
,Frank: F R AE1 NG K => फ्रैंग्क,Same ,"स्पषटवादी,साफ़,निष्पकपट,खरा,खुले मन का",,
,sent: S EH1 N T => सेन्ट,Same ,भेज़ दिया,,
,city: S IH1 T IY0 => सिटी,,"शहर,नगर ,पुर",,
,dream: D R IY1 M => ड्रीम,Same ,"स्वप्न,मन की तरंग,कल्पना करना",,
,protect: P R AH0 T EH1 K T => प्रैटेक्ट,Same ,"रक्षा करना ,बचाना,शरण देना,संरक्षण करना",,
,twenty: T W EH1 N T IY0 => ट्वेन्टी,Same ,२०,,
,class: K L AE1 S => क्लैस,क्लैस,"कक्षा,वर्ग,श्रेणी,वर्ण,भाँति,दर्जा",,
,Lucy: L UW1 S IY0 => लूसी,Same ,ल्यूसी ?,,
,surprise: S ER0 P R AY1 Z => स्र्प्राय्स,Same ,"आश्चर्य,अचंभा,अद्भुत वस्तु,गोपनीय तरीके से",,
,its: IH1 T S => इट्स,Same ,"यह है ,वह है",,
,sweetheart: S W IY1 T HH AA2 R T => स्वीट्हॉर्ट,Same ,"प्रिय ,प्यारा ,प्रियतम,प्रेमी,प्रिया,यार",,
,forever: F ER0 EH1 V ER0 => फ्रेव्र,,"हमेशा के लिये,उम्र भर,सदैव,चिरकाल",,
,poor: P UW1 R => पूर,,"गरीब,दीन,दरिद्र,तुच्छ,निर्बल",,
,looked: L UH1 K T => लूक्ट,Same ,देखा,,
,mad: M AE1 D => मैड,Same ,"पागल,विक्षिप्त,भयानक,दीवाना,उन्मुक्त,क्रूर,बेअकअल",,
,except: IH0 K S EH1 P T => इक्सेप्ट,Same ,"के अलावा ,के अतिरिक्त,को छोड़कर,के सिवाय",,
,gun: G AH1 N => गान,Same ,"गन,बंदूक,",,
,y'know: unknown => unknown,Same ,"अज्ञात,अपरिचित,अजनवी,अपरिचित,अज्ञान",,
,dance: D AE1 N S => डैन्स,Same ,"नाचना,नृत्य,नाच",,
,takes: T EY1 K S => टेऽक्स,Same ,लेता है,,
,appreciate: AH0 P R IY1 SH IY0 EY2 T => ऐप्रीशीएऽट,Same ,"सराहना करना,गुण जानना,मान करना ",,
,especially: AH0 S P EH1 SH L IY0 => ऐस्पेशली,Same ,"खास तौर पर,विशेषतः,मुख्य रूप से",,
,situation: S IH2 CH UW0 EY1 SH AH0 N => सिचुएऽशैन,Same ,"परिस्थिति,स्थान,दशा,",,
,besides: B IH0 S AY1 D Z => बिसाय्ड्स,Same ,"इस के अतिरिक्त,साथ ही,और भी",,
,weeks: W IY1 K S => वीक्स,Same ,हफ्तों,,
,pull: P UH1 L => पूल,Same ,"खींचना,उठाना,उखाड़ना,शक्ती लगाना,परिश्रम",,
,himself: HH IH0 M S EH1 L F => हिम्सेल्फ,Same ,"स्वयं,आप ही,खुद ही,स्वयमेव",,
,hasn't: HH AE1 Z AH0 N T => हैसैन्ट,Same ,नहीं है,,
,act: AE1 K T => ऐक्ट,Same ,"कार्य,अधिनियम,कृत्य,नियम",,
,worth: W ER1 TH => वर्थ,Same ,"लायक,कीमत,श्रेय",,
,Sheridan: SH EH1 R IH0 D AH0 N => शेरिडैन,Same ,शेरिडन ?,,
,amazing: AH0 M EY1 Z IH0 NG => ऐमेऽसिंग,Same ,"आश्चर्यजनक,विस्मयकारी,गज़ब का,अद्भुत",,
,top: T AA1 P => टॉप,Same ,"ऊपर,चोटी,शिखर,ऊपर का हिस्सा,शीर्ष,सर्वोच्च",,
,given: G IH1 V AH0 N => गिवैन,Same ,"दिया गया,दिया हुआ,प्रवृत,आदी",,
,expect: IH0 K S P EH1 K T => इक्स्पेक्ट,Same ,"अपेक्षा करना,आशा करना,प्रतीक्षा करना",,
,Ben: B EH1 N => बेन,Same ,पुस्तक ?,,
,rather: R AE1 DH ER0 => रैदर,Same ,"बल्कि,अधिक उचित रूप से,पहले,किन्तु",,
,Julian: JH UW1 L IY0 AH0 N => जूलीऐन,Same ,जूलियन ,,
,involved: IH0 N V AA1 L V D => इन्वॉल्व्ड,Same ,"शामिल,लिप्त,अन्तर्निहित,फंसा हुआ",,
,swear: S W EH1 R => स्वेर,Same ,"शपथ लेना ग्रहण करना,सौगंध खाना,",,
,piece: P IY1 S => पीस,Same ,"टुकड़ा,खंड,भाग,रचनांश",,
,busy: B IH1 Z IY0 => बिसी,Same ,"व्यस्त,कार्यरत,मशगूल",,
,law: L AO1 => लॉ,Same ,"कानून,विधि,नियम,आचार,",,
,decided: D IH2 S AY1 D IH0 D => डिसाय्डिड,same / डिसाइडेड,"निर्णय लिया,पक्का,स्पष्ट,दृढ़",,
,black: B L AE1 K => ब्लैक,Same ,"काला,स्याह,सांवला,दुष्टतापू्र्ण,कृष्णा",,
,Joey: JH OW1 IY0 => जोई,Same ,"छोटा सिक्का,कंगारू का बच्चा,पशु-शावक",,
,happening: HH AE1 P AH0 N IH0 NG => हैपैनिंग,Same ,"घटित होना,अवसर,संयोग,वारदात,संभव",,
,movie: M UW1 V IY0 => मूवी,Same ,"चलचित्र,सिनेमा",,
,we'd: W IY1 D => वीड,Same ,"शादी करना,विवाह करना,ब्याह करना,जोड़ देना",,
,catch: K AE1 CH => कैच,Same ,"पकड़ना,शिकार,बंदी बनाना,धोखा देना",,
,Antonio: AE0 N T OW1 N IY0 OW0 => ऐन्टोनीओ,Same ,एंटोनियो ?,,
,country: K AH1 N T R IY0 => कान्ट्री,Same ,"देश,वतन,भूभाग",,
,less: L EH1 S => लेस,Same ,"कम्ब,कमतर,न्यून,कम सीमा तक",,
,perhaps: P ER0 HH AE1 P S => प्र्हैप्स,Same ,"शायद,हो सकता है,संभवतः,संयोग से",,
,step: S T EH1 P => स्टेप,Same ,"कदम,सीढ़ी,पग,डग,चाल",,
,fall: F AO1 L => फॉल,Same ,"गिरना,पतन,विनाश,ढलान,झरना,पड़ना,पराजय",,
,watching: W AA1 CH IH0 NG => वॉचिंग,Same ,"निगरानी करना,पहरा देना,देख रहे,चौकीदारी करना",,
,kept: K EH1 P T => केप्ट,Same ,"रखना,रखैल,उप पत्नी",,
,darling: D AA1 R L IH0 NG => डॉर्लिंग,Same ,"प्रिय,प्यारा,लाडला,लालित",,
,dog: D AO1 G => डॉग,Same ,"कुत्ता,श्वान,नीच,पाज़ी,बदमाश",,
,Ms.: M IH1 Z => मिस,Same ,"अविवाहित महिला,",,
,win: W IH1 N => विन,Same ,"जीतना,विजय पाना कृपा प्राप्त करना,मोह लेना",,
,air: EH1 R => एर,Same ,"वायु,हवा,वात,आकाशीय,पवन",,
,honor: AA1 N ER0 => ऑन्र,आनर,"सम्मान,आदर,प्रतिष्ठा,मान,पूजा",,
,personal: P ER1 S IH0 N AH0 L => प्र्सिनैल,परसनल,"व्यक्तिगत,निजी,वैयक्तिक,जा़ती",,
,moving: M UW1 V IH0 NG => मूविंग,Same ,"चलती,गतिमान,गतिशील,चलता-फिरता",,
,till: T IH1 L => टिल,Same ,प्रति,,
,admit: AH0 D M IH1 T => ऐड्मिट,Same ,"स्वीकार करना,मान लेना,प्रवेश करना,ग्रहण करना",,
,problems: P R AA1 B L AH0 M Z => प्रॉब्लैम्स,Same ,"मुसीबत,समस्या,मसला,विवाद का विषय",,
,murder: M ER1 D ER0 => म्र्ड्र,Same / मर्डर,"हत्या,वध,हिंसा,विगाड़ देना,नष्ट करना",,
,strong: S T R AO1 NG => स्ट्रॉंग,Same ,"मजाबूत,शक्तिशाली,दृढ़",,
,he'd: HH IY1 D => हीड,Same ,वह था,,
,evil: IY1 V AH0 L => ईवैल,Same/ इविल,"बुराई,हानी,अमंगल",,
,definitely: D EH1 F AH0 N AH0 T L IY0 => डेफैनैट्ली,Same ,"निश्चित रूप से ,ज़रूर ,ही",,
,feels: F IY1 L Z => फील्स,Same ,महसूस करना,,
,information: IH2 N F ER0 M EY1 SH AH0 N => इन्फ्र्मेऽशैन,Same ,"जानकारी,सूचना,खबर,इत्तिला",,
,honest: AA1 N AH0 S T => ऑनैस्ट,Same ,"इमानदार,सच्चा,सत्यवादी",,
,eye: AY1 => आय,आई,"आंख,नेत्र,नयन",,
,broke: B R OW1 K => ब्रोक,Same ,तेाड़ दिया,,
,missed: M IH1 S T => मिस्ट,मिस्ड,"चूक होना,निशाना चूकना,छोड़ना",,
,longer: L AO1 NG G ER0 => लॉंग्ग्र,Same ,"लंबे समय तक,बहुत समय पूर्व",,
,dollars: D AA1 L ER0 Z => डॉल्र्स,Same ,डॅालर,,
,tired: T AY1 ER0 D => टाय्र्ड,Same ,"थका हुआ,क्लंत",,
,Jason: JH EY1 S AH0 N => जेऽसैन,Same ,जैसन,,
,George: JH AO1 R JH => जॉर्ज,Same ,जार्ज़,,
,evening: IY1 V N IH0 NG => ईव्निंग,Same ,"शाम, संध्या,विकाल",,
,human: HH Y UW1 M AH0 N => हयूमैन,Same ,"मानव,मनुष्य जाति",,
,starting: S T AA1 R T IH0 NG => स्टॉर्टिंग,Same ,"शुरूवात,प्रारम्भ होना,प्रस्थान",,
,Ross: R AA1 S => रॉस,Same ,रॅास,,
,red: R EH1 D => रेड,Same ,लाल,,
,entire: IH0 N T AY1 ER0 => इन्टाय्र,Same ,"संपूर्ण,समूचा,कुल,पूरा,अखंड,साबित,तमाम",,
,trip: T R IH1 P => ट्रिप,Same ,"यात्रा,आना जाना,सैर",,
,Brooke: B R UH1 K => ब्रूक,Same ,ब्रुक ?,,
,E.: IY1 => ई,Same ,E ई,,
,club: K L AH1 B => क्लाब,Same ,"सभा,संघ,क्लब",,
,Niles: N AY1 L Z => नाय्ल्स,Same ,नाइल्स,,
,suppose: S AH0 P OW1 Z => सैपोस,Same ,"कल्पना करना,मान लेना,समझना",,
,calm: K AA1 M => कॉम,Same ,"शांत,उत्तेजनाहीन,नीरस",,
,imagine: IH0 M AE1 JH AH0 N => इमैजैन,Same ,"कल्पना करना,मान लेना,समझना,विचारना,मनगढंत",,
,Todd: T AA1 D => टॉड,Same ,टोड,,
,fair: F EH1 R => फेर,Same ,"निषपक्ष,गोरा स्वच्छ",,
,caught: K AA1 T => कॉट,Same ,"पकड़ा गया,",,
,B.: B IY1 => बी,Same ,बी,,
,blame: B L EY1 M => ब्लेऽम,Same ,"दोष,आरोप,निंदा",,
,street: S T R IY1 T => स्ट्रीट,Same ,"सड़क,गली,मार्ग,मोहल्ला",,
,sitting: S IH1 T IH0 NG => सिटिंग,Same ,"बैठक,अधिवेशन,सीट",,
,favor: F EY1 V ER0 => फेऽव्र,Same ,"कृपा दृष्टि,पक्ष,तरफदारी,अनुग्रह करना",,
,apartment: AH0 P AA1 R T M AH0 N T => ऐपॉर्ट्मैन्ट,Same ,"फ्लैट,मकान का एक कमरा",,
,court: K AO1 R T => कॉर्ट,कौर्ट,"कचहरी,कोर्ट,राजसभा,प्रांगण",,
,terrible: T EH1 R AH0 B AH0 L => टेरैबैल,Same ,"भयानक,डरावना,दिल दहलानेवाला,खौ़फ़नाक",,
,clean: K L IY1 N => क्लीन,Same ,"साफ़,स्वच्छ,शुद्ध,अनमेल,अमिश्रित,खालिस",,
,Tony: T OW1 N IY0 => टोनी,Same ,टोनी,,
,learn: L ER1 N => ल्र्न,लर्न,"सीखना,जानना,अनुभव शिक्षा विद्या प्राप्त करना",,
,Alison: AE1 L IH0 S AH0 N => ऐलिसैन,Same ,एलिसन,,
,Rick: R IH1 K => रिक,Same ,पोरौटी,,
,works: W ER1 K S => वर्क्स,Same ,"काम किरता है,कर्मशाला,संकर्म,कार्य",,
,rose: R OW1 Z => रोस,Same ,गुलाब,,
,Frasier: F R EY1 ZH ER0 => फ्रेऽस्र,Same ,फ्रजि़यर,,
,relax: R IH0 L AE1 K S => रिलैक्स,Same ,"आराम करना,शिथिलहोना,सुस्ताना,विश्राम,छूट",,
,York: Y AO1 R K => यॉर्क,Same ,यॅार्क,,
,million: M IH1 L Y AH0 N => मिल्यैन,Same ,दस लाख,,
,charity: CH EH1 R IH0 T IY0 => चेरिटी,Same ,"दान पुण्य,परोपकार,खै़रात,धर्मदान,भिक्षा भीख रहमत",,
,accident: AE1 K S AH0 D AH0 N T => ऐक्सैडैन्ट,Same ,"दुर्घटना,संयोग",,
,wake: W EY1 K => वेऽक,Same ,"जागना,जागृत होना",,
,prove: P R UW1 V => प्रूव,Same ,साबित करना,,
,Danny: D AE1 N IY0 => डैनी,Same ,डैनी,,
,smart: S M AA1 R T => स्मॉर्ट,Same ,"होसियार,सुंदर",,
,message: M EH1 S AH0 JH => मेसैज,Same ,संदेश,,
,missing: M IH1 S IH0 NG => मिसिंग,Same ,"लापता,गुम,गायब,",,
,forgot: F ER0 G AA1 T => फ्र्गॉट,Same / फ़ारगाट,भूला,,
,small: S M AO1 L => स्मॉल,Same ,"छोटा,लघु,",,
,interested: IH1 N T R AH0 S T AH0 D => इन्ट्रैस्टैड,Same ,"इच्छुक,हित बद्ध,पक्षपातपूर्ण",,
,table: T EY1 B AH0 L => टेऽबैल,Same ,"तालिका,मेज़,पटल",,
,nbsp: unknown => unknown,Same ,"अंजान,अज्ञात,अपरिचित",,
,become: B IH0 K AH1 M => बिकाम,Same ,बन गये,,
,Craig: K R EY1 G => क्रेऽग,Same ,क्रेग,,
,mouth: M AW1 TH => माव्थ,Same ,"मुंह,मुहाना,मुख",,
,pregnant: P R EH1 G N AH0 N T => प्रेग्नैन्ट,Same ,"गर्भवती,गाभिन,गर्भिणी",,
,middle: M IH1 D AH0 L => मिडैल,Same ,"मध्य,बीच,मंझला",,
,Billy: B IH1 L IY0 => बिली,Same ,बिल्ली ?,,
,ring: R IH1 NG => रिंग,Same ,"अंगूठी,गोला",,
,careful: K EH1 R F AH0 L => केर्फैल,कौेयरफुल,"सावधान,सचेत,चिंतित",,
,shall: SH AE1 L => शैल,Same ,"करेगा,भविष्य काल सूचक सहायक क्रिया",,
,dude: D UW1 D => डूड,Same ,"लड़का,छैला,लौंडा,छोकरा",,
,team: T IY1 M => टीम,Same ,"समूह,टोली,टीम",,
,ride: R AY1 D => राय्ड,Same ,"सवारी,घोड़ा से यात्रा,गाड़ी से यात्रा,पथ",,
,figured: F IH1 G Y ER0 D => फिग्य्र्ड,Same ,"लगा,नक्शे से सुसज्जित,बेल-बूटेदार",,
,wear: W EH1 R => वेर,Same / वियर,"पहनना,घिसा हुआ,वस्त्र",,
,shoot: SH UW1 T => शूट,Same ,"शिकार,टहनी,आखेट",,
,stick: S T IH1 K => स्टिक,Same ,"छड़ी,लाठी,लकड़ी",,
,ray: R EY1 => रेऽ,Same ,किरण,,
,follow: F AA1 L OW0 => फॉलो,Same ,"अनुसरण करना,चलना",,
,Bo: B OW1 => बो, Same ,बो ?,,
,angry: AE1 NG G R IY0 => ऐंग्ग्री,Same ,"गुस्सा,नाराज़,अप्रसन्न,खफा़",,
,instead: IH0 N S T EH1 D => इन्स्टेड,Same ,"बजाय,बदले में,जगह में",,
,buddy: B AH1 D IY0 => बाडी,,"साथी,दोस्त,भाई",,
,write: R AY1 T => राय्ट,Same ,"लिखना,लिखो",,
,stopped: S T AA1 P T => स्टॉप्ट,Same ,"रोका हुआ,बन्द करना,रोकना",,
,early: ER1 L IY0 => र्ली,Same ,"शीघ्र,जल्दी",,
,angel: EY1 N JH AH0 L => एऽन्जैल,Same ,देवदूत,,
,nick: N IH1 K => निक,Same ,"छेद,काटने का निशान या चिह्न",,
,ran: R AE1 N => रैन,Same ,दौड़ना,,
,war: W AO1 R => वॉर,same ,"युद्ध,लड़ाई,जंग",,
,standing: S T AE1 N D IH0 NG => स्टैन्डिंग,same ,"खड़ा है,स्थायित्व,प्रतिष्ठा,स्थिति",,
,forgive: F ER0 G IH1 V => फ्र्गिव,फारगिव,"क्षमा करना,छोड़ना,मुक्त कर देना",,
,jail: JH EY1 L => जेऽल,Same ,"कारागार,बन्दीगृह,जेल,कारागृह",,
,wearing: W EH1 R IH0 NG => वेरिंग,Same ,"बर्दास्त करना,पहनने का,थकाने वाला,उकताने वाला",,
,Miguel: M IH0 G EH1 L => मिगेल,Same ,मिगुएल,मिगुएल नीग्रो मूल के होते हैं जो ईश्वर के समान माने जाते हैं,
,ladies: L EY1 D IY0 Z => लेऽडीस,Same ,महिलाएं,,
,kinda: K IH1 N D AH0 => किन्डै,Same ,किंड़ा,kinda is a word confusing kind of,
,lunch: L AH1 N CH => लान्च,Same ,दोपहर का भोजन,,
,Cristian: unknown => unknown,Same ,क्रिस्चियन,a person born in Cristian community ,
,,,,,
,Greenlee: G R IY1 N L IY2 => ग्रीन्ली,Same ,ग्रीनली,"a gender neutral name ""from the green field ",
,gotten: G AA1 T AH0 N => गॉटैन,Same ,कमाई,,
,hoping: HH OW1 P IH0 NG => होपिंग,Same ,उम्मीद करना,,
,Phoebe: F IY1 B IY0 => फीबी,Same ,"चॅाद,चमकदार,साफ़,","latinised Greek word meaning bright,clear or radiant",
,thousand: TH AW1 Z AH0 N D => थाव्सैन्ड,Same ,"हजार, १०००",,
,ridge: R IH1 JH => रिज,Same ,चोटी,,
,music: M Y UW1 Z IH0 K => म्यूसिक,Same ,"संगीत,सुर,गान विद्या",,
,Luke: L UW1 K => लूक,Same ,"ल्यूक,","luke is the english form of lati lucas which refers the region southern ,Italy",
,paper: P EY1 P ER0 => पेऽप्र,Same / पेपर,"काग़ज़,दस्त्वेज़,लेख्य",,
,tough: T AH1 F => टाफ,Same ,"कठोर,कड़ा,रूखा",,
,tape: T EY1 P => टेऽप,Same ,"टेप,फीता,पट्टिका",,
,Emily: EH1 M IH0 L IY0 => एमिली,Same ,"एमिली,",Emily is English form of Latin name Aemilia which means to or Exel or Rival,
,state: S T EY1 T => स्टेऽट,Same ,"स्थिति,अवस्था,राज्य",,
,count: K AW1 N T => काव्न्ट,Same ,"गिनती करना,गणना,संख्या",,
,college: K AA1 L IH0 JH => कॉलिज,Same ,"कालेज,महाविद्यालय,शिक्षण संस्थान",,
,boyfriend: B OY1 F R EH2 N D => बॉयफ्रेन्ड,Same ,प्रेमी,,
,proud: P R AW1 D => प्राव्ड,Same ,"गर्व,स्वाभिमानी,घमंडी गर्वीला,अभिमानपूर्ण",,
,agree: AH0 G R IY1 => ऐग्री,Same ,"सहमत होना,स्वीकार करना,राज़ी होना,अनुकूल होना",,
,birthday: B ER1 TH D EY2 => ब्र्थडेऽ,Same ,"जन्मदिन,पैदा होने की तिथि",,
,bill: B IH1 L => बिल,Same ,"बिल,विधेयक,चोंच,बीजक,विज्ञापन पत्र",,
,,,,,
,they've: DH EY1 V => देऽव,देहैव,"उन्होने,उनके द्वारा करना,उनके पास होना",,
,Timmy: T IH1 M IY0 => टिमी,Same ,पेट,,
,history: HH IH1 S T ER0 IY0 => हिस्ट्री,Same ,"इतिहास,वृतांत,इतिवृत्ति",,
,share: SH EH1 R => शेर,शेयर,"साझा करना,हिस्सा,अंश",,
,offer: AO1 F ER0 => ऑफ्र,Same ,"प्रस्ताव,सुझाव,चेष्टा",,
,hurry: HH ER1 IY0 => हरी,Same ,"जल्दी,आतुरता",,
,ow: OW1 => ओ,Same ,एकायक दर्द को व्यक्त करना,,
,feet: F IY1 T => फीट,same ,"पैर,पॅाव,पाद",,
,wondering: W AH1 N D ER0 IH0 NG => वान्ड्रिंग,same ,"सोच,जिज्ञासु,हैरान",,
,simple: S IH1 M P AH0 L => सिम्पैल,same ,"सरल,आसान,सादा",,
,decision: D IH0 S IH1 ZH AH0 N => डिसिसैन,same ,"निर्णय,फैसला,विचार,परिणाम,निश्‌चय",,
,building: B IH1 L D IH0 NG => बिल्डिंग,same ,"इमारत,निर्माण,भवन,",,
,ones: W AH1 N Z => वान्स,same ,"अकेला,एक कलिये",,
,finish: F IH1 N IH0 SH => फिनिश,same ,"समाप्त करना,पूर्ण करना",,
,voice: V OY1 S => वॉयस,same ,"आवाज,वाणी,स्वर",,
,herself: HH ER0 S EH1 L F => हर्सेल्फ,same ,"स्वयं,आप,खुद",स्त्री वाचक शब्द,
,Chris: K R IH1 S => क्रिस,same ,नाम के पहले(prefix) प्रयोग होने वाला,,
,would've: W UH1 D AH0 V => वूडैव,Same ,चाहेंगे,,
,list: L IH1 S T => लिस्ट,Same ,सूची पत्र,,
,Kay: K EY1 => केऽ,Same ,ओके,used in place of OK,
,mess: M EH1 S => मेस,Same ,"भोजनालय,गडबड़,झंझट",,
,deserve: D IH0 Z ER1 V => डिस्र्व,डिज़र्व,"योग्य, लायक, उचित",,
,evidence: EH1 V AH0 D AH0 N S => एवैडैन्स,Same । इविडेन्स,"सबूत, साक्ष्य, प्रमाण,",,
,cute: K Y UW1 T => क्यूट,Same ,"प्यारा, चतुर, प्रवीण",,
,Jerry: JH EH1 R IY0 => जेरी,Same ,जेर्री,Jerry is a name used for males,
,dress: D R EH1 S => ड्रेस,Same ,"पोशाक, पहनावा, परिधान",,
,,,,,
,interesting: IH1 N T R AH0 S T IH0 NG => इन्ट्रैस्टिंग,Same ,"दिलचस्प. आनंददायक रोचक, सुहावना, चित्ताकर्षक, मन भावन, मनोहर",,
,Jesus: JH IY1 Z AH0 S => जीसैस,Same ,यीशू,,
,James: JH EY1 M Z => जेऽम्स,Same ,जेम्स,James means suplanter or replcer,
,hotel: HH OW0 T EH1 L => होटेल,Same ,"होटल, विश्रामालय",,
,enjoy: EH0 N JH OY1 => एन्जॉय,Same ,"आनंद लेना, उपभोग करना, रस लेना",,
,Ryan: R AY1 AH0 N => रायैन,Same ,रायन,"Arabic origin means waterd, luxuriant, plentyful, heaven's flower",
,Lindsay: L IH1 N D Z IY0 => लिन्ड्सी,Same ,लिंडसे,it is neutralgender name means from the lake settlement island,
,quiet: K W AY1 AH0 T => क्वायैट,Same ,"सम्पूर्ण रूप में, अत्यंत, बिल्कुल, सब",,
,concerned: K AH0 N S ER1 N D => कैन्स्र्न्ड,Same ,"सम्बंधित, चिंतित, सम्बद्ध",,
,road: R OW1 D => रोड,Same ,"सड़क, मार्ग, पथ, पद्धति, राज पथ  ",,
,eve: IY1 V => ईव,Same ,"पूर्ववर्ती संध्या, पूर्ववती दिन",,
,staying: S T EY1 IH0 NG => स्टेऽइंग,Same ,"सहने योग्य, प्रवासयोग्य, सहनसील",,
,short: SH AO1 R T => शॉर्ट,Same ,"कम, छोटा, संक्षेप में, अल्पकालीन",,
,,,,,
,beat: B IY1 T => बीट,Same ,"हराना, गश्त, इलाका, चूकना",,
,sweetie: S W IY1 T IY0 => स्वीटी,Same ,"प्रेमी, छोटा कलाकंद, माश़ूक",,
,mention: M EH1 N SH AH0 N => मेन्शैन,Same ,"उल्लेख, हवाला, जिक्र, कथन",,
,clothes: K L OW1 DH Z => क्लोदस,Same ,"वस्त्र, कपड़ा,पोशाक, परिधान, वेश । वेष पहनाव",,
,finished: F IH1 N IH0 SH T => फिनिशट,Same ,"समाप्त, खत्म, पूरा, पू्रण, सिद्ध",,
,fell: F EH1 L => फेल,Same ,"गिरना, रोम सहित चमड़ा, गिराना, मार डालना",,
,neither: N IY1 DH ER0 => नीदर,Same / नाइदर,"भी नहीं, न यह न वह, दोनों में से कोई नहीं नइधर न उधर",,
,,,,,
,fix: F IH1 K S => फिक्स,Same ,"ठीक करना, लगाना, जमाना, कड़ा हो जाना",,
,victor: V IH1 K T ER0 => विक्ट्र,Same ,विजेता,a code word in letter 'v' used in radio communication ,
,respect: R IH0 S P EH1 K T => रिस्पेक्ट,Same ,"मान सम्मान, प्रतिष्ठा, विषय",,
,spent: S P EH1 N T => स्पेन्ट,Same ,"खर्च करना, व्यय करनाथका हुआ, क्षीण",,
,prison: P R IH1 Z AH0 N => प्रिसैन,Same ,"कारागार, जेल, बन्दीगृह",,
,attention: AH0 T EH1 N SH AH0 N => ऐटेन्शैन,Same ,"ध्यान करना , ध्यान देना, सोचना, चेतावनी",,
,holding: HH OW1 L D IH0 NG => होल्डिंग,Same ,"पकड़ना, स्वामित्व, अधिकार, संपत्ति",,
,calls: K AO1 L Z => कॉल्स,Same ,"पुकारना, बुलाना, काल्स(टेलिफोन से संबन्धित)",,
,near: N IH1 R => निर,Same / नियर,"पास, नज़दीक, ",,
,surprised: S ER0 P R AY1 Z D => स्र्प्राय्स्ड,Same ,"विस्मित, होना, आश्चर्य, ताज्जुब",,
,bar: B AA1 R => बॉर,Same ,"बार(समय की संख्या से सम्बंधित, मधुशाला",,
,Beth: B EH1 TH => बेथ,Same ,"ऊसर ज़मीन, ऋणके लिया गय पेशगी, धन",,
,pass: P AE1 S => पैस,Same ,"उत्तीर्ण, पास होना, मार्ग, सफलता",,
,keeping: K IY1 P IH0 NG => कीपिंग,Same ,"रखना, सुरक्षा, संरक्षण",,
,gift: G IH1 F T => गिफ्ट,Same ,"उपहार, ",,
,hadn't: HH AE1 D AH0 N T => हैडैन्ट,Same ,नहीं था,,
,putting: P AH1 T IH0 NG => पाटिंग,Same ,"रखना, डाल",,
,dark: D AA1 R K => डॉर्क,Same ,"अंधेरा, काला, गुप्त",,
,self: S EH1 L F => सेल्फ,Same ,"खुद, स्वतः, स्व",,
,owe: OW1 => ओ,Same ,"आभारी होना, ऋणी होना, देनदार होना, कर्ज़दार होना",,
,using: Y UW1 Z IH0 NG => यूसिंग,Same ,"उपयोग करते हुए, दस्तूर, व्यवहार",,
,Nora: N AO1 R AH0 => नॉरै,Same ,नोरा,"Nora is short of Anglo-Norman word Honora, Latin word honor, and Greek word Eleanora",
,ice: AY1 S => आय्स,आइस,"बार्फ, हिम, आइस",,
,helping: HH EH1 L P IH0 NG => हेल्पिंग,Same ,"सहायता करना, मदद करना, हिस्सा",,
,bitch: B IH1 CH => बिच,Same ,कुतिया,,
,normal: N AO1 R M AH0 L => नॉर्मैल,Same ,"साधारण, मामूली, प्रकृतिस्थ",,
,aunt: AE1 N T => ऐन्ट,Same ,"चाची, मौसी, मामी",,
,lawyer: L AO1 Y ER0 => लॉय्र,Same ,"वकील, विधिवक्ता, न्यायज्ञ",,
,apart: AH0 P AA1 R T => ऐपॉर्ट,आइस,"अंलग, दूर, एक तरफ",,
,certain: S ER1 T AH0 N => स्र्टैन,सर्टेन,"निश्चित, कतिपय",,
,plans: P L AE1 N Z => प्लैन्स,Same ,योजनाओं,,
,,,,,
,girlfriend: G ER1 L F R EH2 N D => ग्र्ल्फ्रेन्ड,Same ,"प्रमिका, सखी, सहेली",,
,floor: F L AO1 R => फ्लॉर,फ्लोर,"मंजिल, गृह तल, फर्श",,
,whether: W EH1 DH ER0 => वेदर,Same । व्हेदर,"या, दोनों में से कौन, कि क्या",,
,everything's: EH1 V R IY0 TH IH2 NG Z => एव्रीथिंग्स,Same ,"सब कुछ, हर चीज़, समस्त, कुल",,
,present: P R EH1 Z AH0 N T => प्रेसैन्ट,Same ,"वर्तमान, मौज़ूद, मौज़ूदा",,
,earth: ER1 TH => र्थ,अर्थ,"धरती, पृथ्वी, भूमि",,
,private: P R AY1 V AH0 T => प्राय्वैट,Same ,"निजी, गैर-सरकारी, व्यक्तिगत",,
,,,,,
,box: B AA1 K S => बॉक्स,Same ,"डिब्बा, पेटी, बक्स",,
,,,,,
,cover: K AH1 V ER0 => काव्र,कवर,"आवरण, ढक्कन, आच्छादन",,
,judge: JH AH1 JH => जाज,जज,"न्यायाधीश, जज़, पंच",,
,upstairs: AH0 P S T EH1 R Z => ऐप्स्टेर्स,Same ,"ऊपर को,उच्च तल को",,
,Alexis: AH0 L EH1 K S IH0 S => ऐलेक्सिस,Same ,"सहायक, सुरक्षाकरने वाला. ",A Geek word,
,Shawn: SH AO1 N => शॉन,Same ,शॅान,the god is gracious,
,sake: S EY1 K => सेऽक,Same ,"लिए, खातिर, लिहाज",,
,mommy: M AA1 M IY0 => मॉमी,Same ,"मां, माता",,
,possibly: P AA1 S AH0 B L IY0 => पॉसैब्ली,Same ,"संभवतः, कदाचित",,
,worst: W ER1 S T => वर्स्ट,Same ,"सबसे खराब, निकृष्तम, सबसे बुरा, अत्यंत बुरा",,